locality_id,quarter,region,price_proxy,price_proxy_source_quality,ncr_baseline_index,ncr_baseline_growth,metro_stage,expressway_stage,airport_stage,rrts_stage,distance_nearest_operational_metro_km,distance_nearest_proposed_metro_km,distance_nearest_expressway_km,distance_airport_km,distance_rrts_station_km,infra_count_3km,infra_count_5km,infra_count_10km,rera_project_count,data_readiness_score
DEL_DWR_SEC10,2019-Q1,Delhi,8000.0,80.0,100.0,1.8,APPROVED,OPERATIONAL,APPROVED,NONE,0.0,38.18,11.5,4.9,999.9,1,1,1,4,90.0
DEL_DWR_SEC10,2019-Q2,Delhi,8200.0,80.0,101.8,1.8,APPROVED,OPERATIONAL,APPROVED,NONE,0.0,38.18,11.5,4.9,999.9,1,1,1,4,90.0
DEL_DWR_SEC10,2019-Q3,Delhi,8400.0,80.0,103.6,1.8,CONTRACTED,OPERATIONAL,APPROVED,NONE,0.0,38.18,11.5,4.9,999.9,1,1,1,4,90.0
DEL_DWR_SEC10,2019-Q4,Delhi,8600.0,80.0,105.4,1.8,CONTRACTED,OPERATIONAL,APPROVED,NONE,0.0,38.18,11.5,4.9,999.9,1,1,1,4,90.0
DEL_DWR_SEC10,2020-Q1,Delhi,8800.0,80.0,107.2,1.8,UNDER_CONSTRUCTION,OPERATIONAL,APPROVED,NONE,0.0,38.18,11.5,4.9,999.9,1,1,1,4,90.0
DEL_DWR_SEC10,2020-Q2,Delhi,9000.0,80.0,109.0,1.8,UNDER_CONSTRUCTION,OPERATIONAL,APPROVED,NONE,0.0,38.18,11.5,4.9,999.9,1,1,1,4,90.0
DEL_DWR_SEC10,2020-Q3,Delhi,9200.0,80.0,110.8,1.8,UNDER_CONSTRUCTION,OPERATIONAL,CONTRACTED,NONE,0.0,38.18,11.5,4.9,999.9,1,1,1,4,90.0
DEL_DWR_SEC10,2020-Q4,Delhi,9400.0,80.0,112.6,1.8,UNDER_CONSTRUCTION,OPERATIONAL,CONTRACTED,NONE,0.0,38.18,11.5,4.9,999.9,1,1,1,4,90.0
DEL_DWR_SEC10,2021-Q1,Delhi,9600.0,80.0,114.4,1.8,UNDER_CONSTRUCTION,OPERATIONAL,CONTRACTED,NONE,0.0,38.18,11.5,4.9,999.9,1,1,1,4,90.0
DEL_DWR_SEC10,2021-Q2,Delhi,9800.0,80.0,116.2,1.8,UNDER_CONSTRUCTION,OPERATIONAL,CONTRACTED,NONE,0.0,38.18,11.5,4.9,999.9,1,1,1,4,90.0
DEL_DWR_SEC10,2021-Q3,Delhi,10000.0,80.0,118.0,1.8,UNDER_CONSTRUCTION,OPERATIONAL,UNDER_CONSTRUCTION,NONE,0.0,38.18,11.5,4.9,999.9,1,1,1,4,90.0
DEL_DWR_SEC10,2021-Q4,Delhi,10200.0,80.0,119.8,1.8,UNDER_CONSTRUCTION,OPERATIONAL,UNDER_CONSTRUCTION,NONE,0.0,38.18,11.5,4.9,999.9,1,1,1,4,90.0
DEL_DWR_SEC10,2022-Q1,Delhi,10400.0,80.0,121.6,1.8,UNDER_CONSTRUCTION,OPERATIONAL,UNDER_CONSTRUCTION,NONE,0.0,38.18,11.5,4.9,999.9,1,1,1,4,90.0
DEL_DWR_SEC10,2022-Q2,Delhi,10600.0,80.0,123.4,1.8,UNDER_CONSTRUCTION,OPERATIONAL,UNDER_CONSTRUCTION,NONE,0.0,38.18,11.5,4.9,999.9,1,1,1,4,90.0
DEL_DWR_SEC10,2022-Q3,Delhi,10800.0,80.0,125.2,1.8,UNDER_CONSTRUCTION,OPERATIONAL,UNDER_CONSTRUCTION,NONE,0.0,38.18,11.5,4.9,999.9,1,1,1,4,90.0
DEL_DWR_SEC10,2022-Q4,Delhi,11000.0,80.0,127.0,1.8,UNDER_CONSTRUCTION,OPERATIONAL,UNDER_CONSTRUCTION,NONE,0.0,38.18,11.5,4.9,999.9,1,1,1,4,90.0
DEL_DWR_SEC10,2023-Q1,Delhi,11200.0,80.0,128.8,1.8,UNDER_CONSTRUCTION,OPERATIONAL,UNDER_CONSTRUCTION,NONE,0.0,38.18,11.5,4.9,999.9,1,1,1,4,90.0
DEL_DWR_SEC10,2023-Q2,Delhi,11400.0,80.0,130.6,1.8,UNDER_CONSTRUCTION,OPERATIONAL,UNDER_CONSTRUCTION,NONE,0.0,38.18,11.5,4.9,999.9,1,1,1,4,90.0
DEL_DWR_SEC10,2023-Q3,Delhi,11600.0,80.0,132.4,1.8,UNDER_CONSTRUCTION,OPERATIONAL,UNDER_CONSTRUCTION,NONE,0.0,38.18,11.5,4.9,999.9,1,1,1,4,90.0
DEL_DWR_SEC10,2023-Q4,Delhi,11800.0,80.0,134.2,1.8,OPERATIONAL,OPERATIONAL,UNDER_CONSTRUCTION,NONE,0.0,999.9,11.5,4.9,999.9,1,1,1,4,90.0
DEL_DWR_SEC10,2024-Q1,Delhi,12000.0,80.0,136.0,1.8,OPERATIONAL,OPERATIONAL,UNDER_CONSTRUCTION,NONE,0.0,999.9,11.5,4.9,999.9,1,1,1,4,90.0
DEL_DWR_SEC10,2024-Q2,Delhi,12200.0,80.0,137.8,1.8,OPERATIONAL,OPERATIONAL,UNDER_CONSTRUCTION,NONE,0.0,999.9,11.5,4.9,999.9,1,1,1,4,90.0
DEL_DWR_SEC10,2024-Q3,Delhi,12400.0,80.0,139.6,1.8,OPERATIONAL,OPERATIONAL,UNDER_CONSTRUCTION,NONE,0.0,999.9,11.5,4.9,999.9,1,1,1,4,90.0
DEL_DWR_SEC10,2024-Q4,Delhi,12600.0,80.0,141.4,1.8,OPERATIONAL,OPERATIONAL,UNDER_CONSTRUCTION,NONE,0.0,999.9,11.5,4.9,999.9,1,1,1,4,90.0
DEL_DWR_SEC10,2025-Q1,Delhi,12800.0,80.0,143.2,1.8,OPERATIONAL,OPERATIONAL,UNDER_CONSTRUCTION,NONE,0.0,999.9,11.5,4.9,999.9,1,1,1,4,90.0
DEL_DWR_SEC10,2025-Q2,Delhi,13000.0,80.0,145.0,1.8,OPERATIONAL,OPERATIONAL,UNDER_CONSTRUCTION,NONE,0.0,999.9,11.5,4.9,999.9,1,1,1,4,90.0
DEL_DWR_SEC10,2025-Q3,Delhi,13200.0,80.0,146.8,1.8,OPERATIONAL,OPERATIONAL,UNDER_CONSTRUCTION,NONE,0.0,999.9,11.5,4.9,999.9,1,1,1,4,90.0
DEL_DWR_SEC10,2025-Q4,Delhi,13400.0,80.0,148.6,1.8,OPERATIONAL,OPERATIONAL,UNDER_CONSTRUCTION,NONE,0.0,999.9,11.5,4.9,999.9,1,1,1,4,90.0
DEL_VK_SEC_A,2019-Q1,Delhi,8000.0,80.0,100.0,1.8,OPERATIONAL,OPERATIONAL,APPROVED,NONE,7.6,999.9,9.76,6.81,999.9,0,0,2,4,69.5
DEL_VK_SEC_A,2019-Q2,Delhi,8200.0,80.0,101.8,1.8,OPERATIONAL,OPERATIONAL,APPROVED,NONE,7.6,999.9,9.76,6.81,999.9,0,0,2,4,69.5
DEL_VK_SEC_A,2019-Q3,Delhi,8400.0,80.0,103.6,1.8,OPERATIONAL,OPERATIONAL,APPROVED,NONE,7.6,999.9,9.76,6.81,999.9,0,0,2,4,69.5
DEL_VK_SEC_A,2019-Q4,Delhi,8600.0,80.0,105.4,1.8,OPERATIONAL,OPERATIONAL,APPROVED,NONE,7.6,999.9,9.76,6.81,999.9,0,0,2,4,69.5
DEL_VK_SEC_A,2020-Q1,Delhi,8800.0,80.0,107.2,1.8,OPERATIONAL,OPERATIONAL,APPROVED,NONE,7.6,999.9,9.76,6.81,999.9,0,0,2,4,69.5
DEL_VK_SEC_A,2020-Q2,Delhi,9000.0,80.0,109.0,1.8,OPERATIONAL,OPERATIONAL,APPROVED,NONE,7.6,999.9,9.76,6.81,999.9,0,0,2,4,69.5
DEL_VK_SEC_A,2020-Q3,Delhi,9200.0,80.0,110.8,1.8,OPERATIONAL,OPERATIONAL,CONTRACTED,NONE,7.6,999.9,9.76,6.81,999.9,0,0,2,4,69.5
DEL_VK_SEC_A,2020-Q4,Delhi,9400.0,80.0,112.6,1.8,OPERATIONAL,OPERATIONAL,CONTRACTED,NONE,7.6,999.9,9.76,6.81,999.9,0,0,2,4,69.5
DEL_VK_SEC_A,2021-Q1,Delhi,9600.0,80.0,114.4,1.8,OPERATIONAL,OPERATIONAL,CONTRACTED,NONE,7.6,999.9,9.76,6.81,999.9,0,0,2,4,69.5
DEL_VK_SEC_A,2021-Q2,Delhi,9800.0,80.0,116.2,1.8,OPERATIONAL,OPERATIONAL,CONTRACTED,NONE,7.6,999.9,9.76,6.81,999.9,0,0,2,4,69.5
DEL_VK_SEC_A,2021-Q3,Delhi,10000.0,80.0,118.0,1.8,OPERATIONAL,OPERATIONAL,UNDER_CONSTRUCTION,NONE,7.6,999.9,9.76,6.81,999.9,0,0,2,4,69.5
DEL_VK_SEC_A,2021-Q4,Delhi,10200.0,80.0,119.8,1.8,OPERATIONAL,OPERATIONAL,UNDER_CONSTRUCTION,NONE,7.6,999.9,9.76,6.81,999.9,0,0,2,4,69.5
DEL_VK_SEC_A,2022-Q1,Delhi,10400.0,80.0,121.6,1.8,OPERATIONAL,OPERATIONAL,UNDER_CONSTRUCTION,NONE,7.6,999.9,9.76,6.81,999.9,0,0,2,4,69.5
DEL_VK_SEC_A,2022-Q2,Delhi,10600.0,80.0,123.4,1.8,OPERATIONAL,OPERATIONAL,UNDER_CONSTRUCTION,NONE,7.6,999.9,9.76,6.81,999.9,0,0,2,4,69.5
DEL_VK_SEC_A,2022-Q3,Delhi,10800.0,80.0,125.2,1.8,OPERATIONAL,OPERATIONAL,UNDER_CONSTRUCTION,NONE,7.6,999.9,9.76,6.81,999.9,0,0,2,4,69.5
DEL_VK_SEC_A,2022-Q4,Delhi,11000.0,80.0,127.0,1.8,OPERATIONAL,OPERATIONAL,UNDER_CONSTRUCTION,NONE,7.6,999.9,9.76,6.81,999.9,0,0,2,4,69.5
DEL_VK_SEC_A,2023-Q1,Delhi,11200.0,80.0,128.8,1.8,OPERATIONAL,OPERATIONAL,UNDER_CONSTRUCTION,NONE,7.6,999.9,9.76,6.81,999.9,0,0,2,4,69.5
DEL_VK_SEC_A,2023-Q2,Delhi,11400.0,80.0,130.6,1.8,OPERATIONAL,OPERATIONAL,UNDER_CONSTRUCTION,NONE,7.6,999.9,9.76,6.81,999.9,0,0,2,4,69.5
DEL_VK_SEC_A,2023-Q3,Delhi,11600.0,80.0,132.4,1.8,OPERATIONAL,OPERATIONAL,UNDER_CONSTRUCTION,NONE,7.6,999.9,9.76,6.81,999.9,0,0,2,4,69.5
DEL_VK_SEC_A,2023-Q4,Delhi,11800.0,80.0,134.2,1.8,OPERATIONAL,OPERATIONAL,UNDER_CONSTRUCTION,NONE,7.6,999.9,9.76,6.81,999.9,0,0,2,4,69.5
DEL_VK_SEC_A,2024-Q1,Delhi,12000.0,80.0,136.0,1.8,OPERATIONAL,OPERATIONAL,UNDER_CONSTRUCTION,NONE,7.6,999.9,9.76,6.81,999.9,0,0,2,4,69.5
DEL_VK_SEC_A,2024-Q2,Delhi,12200.0,80.0,137.8,1.8,OPERATIONAL,OPERATIONAL,UNDER_CONSTRUCTION,NONE,7.6,999.9,9.76,6.81,999.9,0,0,2,4,69.5
DEL_VK_SEC_A,2024-Q3,Delhi,12400.0,80.0,139.6,1.8,OPERATIONAL,OPERATIONAL,UNDER_CONSTRUCTION,NONE,7.6,999.9,9.76,6.81,999.9,0,0,2,4,69.5
DEL_VK_SEC_A,2024-Q4,Delhi,12600.0,80.0,141.4,1.8,OPERATIONAL,OPERATIONAL,UNDER_CONSTRUCTION,NONE,7.6,999.9,9.76,6.81,999.9,0,0,2,4,69.5
DEL_VK_SEC_A,2025-Q1,Delhi,12800.0,80.0,143.2,1.8,OPERATIONAL,OPERATIONAL,UNDER_CONSTRUCTION,NONE,7.6,999.9,9.76,6.81,999.9,0,0,2,4,69.5
DEL_VK_SEC_A,2025-Q2,Delhi,13000.0,80.0,145.0,1.8,OPERATIONAL,OPERATIONAL,UNDER_CONSTRUCTION,NONE,7.6,999.9,9.76,6.81,999.9,0,0,2,4,69.5
DEL_VK_SEC_A,2025-Q3,Delhi,13200.0,80.0,146.8,1.8,OPERATIONAL,OPERATIONAL,UNDER_CONSTRUCTION,NONE,7.6,999.9,9.76,6.81,999.9,0,0,2,4,69.5
DEL_VK_SEC_A,2025-Q4,Delhi,13400.0,80.0,148.6,1.8,OPERATIONAL,OPERATIONAL,UNDER_CONSTRUCTION,NONE,7.6,999.9,9.76,6.81,999.9,0,0,2,4,69.5
NOI_SEC62,2019-Q1,Noida,5000.0,80.0,100.0,1.8,APPROVED,UNDER_CONSTRUCTION,NONE,NONE,0.0,7.88,2.34,27.44,999.9,2,2,3,12,90.5
NOI_SEC62,2019-Q2,Noida,5125.0,80.0,101.8,1.8,APPROVED,UNDER_CONSTRUCTION,NONE,NONE,0.0,7.88,2.34,27.44,999.9,2,2,3,12,90.5
NOI_SEC62,2019-Q3,Noida,5250.0,80.0,103.6,1.8,CONTRACTED,UNDER_CONSTRUCTION,NONE,NONE,0.0,7.88,2.34,27.44,999.9,2,2,3,12,90.5
NOI_SEC62,2019-Q4,Noida,5375.0,80.0,105.4,1.8,CONTRACTED,UNDER_CONSTRUCTION,NONE,NONE,0.0,7.88,2.34,27.44,999.9,2,2,3,12,90.5
NOI_SEC62,2020-Q1,Noida,5500.0,80.0,107.2,1.8,UNDER_CONSTRUCTION,UNDER_CONSTRUCTION,NONE,NONE,0.0,7.88,2.34,27.44,999.9,2,2,3,12,90.5
NOI_SEC62,2020-Q2,Noida,5625.0,80.0,109.0,1.8,UNDER_CONSTRUCTION,UNDER_CONSTRUCTION,NONE,NONE,0.0,7.88,2.34,27.44,999.9,2,2,3,12,90.5
NOI_SEC62,2020-Q3,Noida,5750.0,80.0,110.8,1.8,UNDER_CONSTRUCTION,UNDER_CONSTRUCTION,NONE,NONE,0.0,7.88,2.34,27.44,999.9,2,2,3,12,90.5
NOI_SEC62,2020-Q4,Noida,5875.0,80.0,112.6,1.8,UNDER_CONSTRUCTION,UNDER_CONSTRUCTION,NONE,NONE,0.0,7.88,2.34,27.44,999.9,2,2,3,12,90.5
NOI_SEC62,2021-Q1,Noida,6000.0,80.0,114.4,1.8,UNDER_CONSTRUCTION,UNDER_CONSTRUCTION,NONE,NONE,0.0,7.88,2.34,27.44,999.9,2,2,3,12,90.5
NOI_SEC62,2021-Q2,Noida,6125.0,80.0,116.2,1.8,UNDER_CONSTRUCTION,UNDER_CONSTRUCTION,NONE,NONE,0.0,7.88,2.34,27.44,999.9,2,2,3,12,90.5
NOI_SEC62,2021-Q3,Noida,6250.0,80.0,118.0,1.8,UNDER_CONSTRUCTION,UNDER_CONSTRUCTION,NONE,NONE,0.0,7.88,2.34,27.44,999.9,2,2,3,12,90.5
NOI_SEC62,2021-Q4,Noida,6375.0,80.0,119.8,1.8,UNDER_CONSTRUCTION,OPERATIONAL,NONE,NONE,0.0,7.88,2.34,27.44,999.9,2,2,3,12,90.5
NOI_SEC62,2022-Q1,Noida,6500.0,80.0,121.6,1.8,UNDER_CONSTRUCTION,OPERATIONAL,NONE,NONE,0.0,7.88,2.34,27.44,999.9,2,2,3,12,90.5
NOI_SEC62,2022-Q2,Noida,6625.0,80.0,123.4,1.8,UNDER_CONSTRUCTION,OPERATIONAL,NONE,NONE,0.0,7.88,2.34,27.44,999.9,2,2,3,12,90.5
NOI_SEC62,2022-Q3,Noida,6750.0,80.0,125.2,1.8,UNDER_CONSTRUCTION,OPERATIONAL,NONE,NONE,0.0,7.88,2.34,27.44,999.9,2,2,3,12,90.5
NOI_SEC62,2022-Q4,Noida,6875.0,80.0,127.0,1.8,UNDER_CONSTRUCTION,OPERATIONAL,NONE,NONE,0.0,7.88,2.34,27.44,999.9,2,2,3,12,90.5
NOI_SEC62,2023-Q1,Noida,7000.0,80.0,128.8,1.8,UNDER_CONSTRUCTION,OPERATIONAL,NONE,NONE,0.0,7.88,2.34,27.44,999.9,2,2,3,12,90.5
NOI_SEC62,2023-Q2,Noida,7125.0,80.0,130.6,1.8,UNDER_CONSTRUCTION,OPERATIONAL,NONE,NONE,0.0,7.88,2.34,27.44,999.9,2,2,3,12,90.5
NOI_SEC62,2023-Q3,Noida,7250.0,80.0,132.4,1.8,UNDER_CONSTRUCTION,OPERATIONAL,NONE,NONE,0.0,7.88,2.34,27.44,999.9,2,2,3,12,90.5
NOI_SEC62,2023-Q4,Noida,7375.0,80.0,134.2,1.8,OPERATIONAL,OPERATIONAL,NONE,NONE,0.0,999.9,2.34,27.44,999.9,2,2,4,12,90.5
NOI_SEC62,2024-Q1,Noida,7500.0,80.0,136.0,1.8,OPERATIONAL,OPERATIONAL,NONE,NONE,0.0,999.9,2.34,27.44,999.9,2,2,4,12,90.5
NOI_SEC62,2024-Q2,Noida,7625.0,80.0,137.8,1.8,OPERATIONAL,OPERATIONAL,NONE,NONE,0.0,999.9,2.34,27.44,999.9,2,2,4,12,90.5
NOI_SEC62,2024-Q3,Noida,7750.0,80.0,139.6,1.8,OPERATIONAL,OPERATIONAL,NONE,NONE,0.0,999.9,2.34,27.44,999.9,2,2,4,12,90.5
NOI_SEC62,2024-Q4,Noida,7875.0,80.0,141.4,1.8,OPERATIONAL,OPERATIONAL,NONE,NONE,0.0,999.9,2.34,27.44,999.9,2,2,4,12,90.5
NOI_SEC62,2025-Q1,Noida,8000.0,80.0,143.2,1.8,OPERATIONAL,OPERATIONAL,NONE,NONE,0.0,999.9,2.34,27.44,999.9,2,2,4,12,90.5
NOI_SEC62,2025-Q2,Noida,8125.0,80.0,145.0,1.8,OPERATIONAL,OPERATIONAL,NONE,NONE,0.0,999.9,2.34,27.44,999.9,2,2,4,12,90.5
NOI_SEC62,2025-Q3,Noida,8250.0,80.0,146.8,1.8,OPERATIONAL,OPERATIONAL,NONE,NONE,0.0,999.9,2.34,27.44,999.9,2,2,4,12,90.5
NOI_SEC62,2025-Q4,Noida,8375.0,80.0,148.6,1.8,OPERATIONAL,OPERATIONAL,NONE,NONE,0.0,999.9,2.34,27.44,999.9,2,2,4,12,90.5
NOI_SEC150,2019-Q1,Noida,,,100.0,1.8,APPROVED,UNDER_CONSTRUCTION,NONE,NONE,0.0,16.19,12.28,38.1,999.9,1,3,3,12,84.54
NOI_SEC150,2019-Q2,Noida,,,101.8,1.8,APPROVED,UNDER_CONSTRUCTION,NONE,NONE,0.0,16.19,12.28,38.1,999.9,1,3,3,12,84.54
NOI_SEC150,2019-Q3,Noida,,,103.6,1.8,CONTRACTED,UNDER_CONSTRUCTION,NONE,NONE,0.0,16.19,12.28,38.1,999.9,1,3,3,12,84.54
NOI_SEC150,2019-Q4,Noida,,,105.4,1.8,CONTRACTED,UNDER_CONSTRUCTION,NONE,NONE,0.0,16.19,12.28,38.1,999.9,1,3,3,12,84.54
NOI_SEC150,2020-Q1,Noida,,,107.2,1.8,UNDER_CONSTRUCTION,UNDER_CONSTRUCTION,NONE,NONE,0.0,16.19,12.28,38.1,999.9,1,3,3,12,84.54
NOI_SEC150,2020-Q2,Noida,,,109.0,1.8,UNDER_CONSTRUCTION,UNDER_CONSTRUCTION,NONE,NONE,0.0,16.19,12.28,38.1,999.9,1,3,3,12,84.54
NOI_SEC150,2020-Q3,Noida,,,110.8,1.8,UNDER_CONSTRUCTION,UNDER_CONSTRUCTION,NONE,NONE,0.0,16.19,12.28,38.1,999.9,1,3,3,12,84.54
NOI_SEC150,2020-Q4,Noida,,,112.6,1.8,UNDER_CONSTRUCTION,UNDER_CONSTRUCTION,NONE,NONE,0.0,16.19,12.28,38.1,999.9,1,3,3,12,84.54
NOI_SEC150,2021-Q1,Noida,6000.0,75.0,114.4,1.8,UNDER_CONSTRUCTION,UNDER_CONSTRUCTION,NONE,NONE,0.0,16.19,12.28,38.1,999.9,1,3,3,12,84.54
NOI_SEC150,2021-Q2,Noida,6125.0,75.0,116.2,1.8,UNDER_CONSTRUCTION,UNDER_CONSTRUCTION,NONE,NONE,0.0,16.19,12.28,38.1,999.9,1,3,3,12,84.54
NOI_SEC150,2021-Q3,Noida,6250.0,75.0,118.0,1.8,UNDER_CONSTRUCTION,UNDER_CONSTRUCTION,NONE,NONE,0.0,16.19,12.28,38.1,999.9,1,3,3,12,84.54
NOI_SEC150,2021-Q4,Noida,6375.0,75.0,119.8,1.8,UNDER_CONSTRUCTION,OPERATIONAL,NONE,NONE,0.0,16.19,12.28,38.1,999.9,1,3,3,12,84.54
NOI_SEC150,2022-Q1,Noida,6500.0,75.0,121.6,1.8,UNDER_CONSTRUCTION,OPERATIONAL,NONE,NONE,0.0,16.19,12.28,38.1,999.9,1,3,3,12,84.54
NOI_SEC150,2022-Q2,Noida,6625.0,75.0,123.4,1.8,UNDER_CONSTRUCTION,OPERATIONAL,NONE,NONE,0.0,16.19,12.28,38.1,999.9,1,3,3,12,84.54
NOI_SEC150,2022-Q3,Noida,6750.0,75.0,125.2,1.8,UNDER_CONSTRUCTION,OPERATIONAL,NONE,NONE,0.0,16.19,12.28,38.1,999.9,1,3,3,12,84.54
NOI_SEC150,2022-Q4,Noida,6875.0,75.0,127.0,1.8,UNDER_CONSTRUCTION,OPERATIONAL,NONE,NONE,0.0,16.19,12.28,38.1,999.9,1,3,3,12,84.54
NOI_SEC150,2023-Q1,Noida,7000.0,75.0,128.8,1.8,UNDER_CONSTRUCTION,OPERATIONAL,NONE,NONE,0.0,16.19,12.28,38.1,999.9,1,3,3,12,84.54
NOI_SEC150,2023-Q2,Noida,7125.0,75.0,130.6,1.8,UNDER_CONSTRUCTION,OPERATIONAL,NONE,NONE,0.0,16.19,12.28,38.1,999.9,1,3,3,12,84.54
NOI_SEC150,2023-Q3,Noida,7250.0,75.0,132.4,1.8,UNDER_CONSTRUCTION,OPERATIONAL,NONE,NONE,0.0,16.19,12.28,38.1,999.9,1,3,3,12,84.54
NOI_SEC150,2023-Q4,Noida,7375.0,75.0,134.2,1.8,OPERATIONAL,OPERATIONAL,NONE,NONE,0.0,999.9,12.28,38.1,999.9,1,3,3,12,84.54
NOI_SEC150,2024-Q1,Noida,7500.0,75.0,136.0,1.8,OPERATIONAL,OPERATIONAL,NONE,NONE,0.0,999.9,12.28,38.1,999.9,1,3,3,12,84.54
NOI_SEC150,2024-Q2,Noida,7625.0,75.0,137.8,1.8,OPERATIONAL,OPERATIONAL,NONE,NONE,0.0,999.9,12.28,38.1,999.9,1,3,3,12,84.54
NOI_SEC150,2024-Q3,Noida,7750.0,75.0,139.6,1.8,OPERATIONAL,OPERATIONAL,NONE,NONE,0.0,999.9,12.28,38.1,999.9,1,3,3,12,84.54
NOI_SEC150,2024-Q4,Noida,7875.0,75.0,141.4,1.8,OPERATIONAL,OPERATIONAL,NONE,NONE,0.0,999.9,12.28,38.1,999.9,1,3,3,12,84.54
NOI_SEC150,2025-Q1,Noida,8000.0,75.0,143.2,1.8,OPERATIONAL,OPERATIONAL,NONE,NONE,0.0,999.9,12.28,38.1,999.9,1,3,3,12,84.54
NOI_SEC150,2025-Q2,Noida,8125.0,75.0,145.0,1.8,OPERATIONAL,OPERATIONAL,NONE,NONE,0.0,999.9,12.28,38.1,999.9,1,3,3,12,84.54
NOI_SEC150,2025-Q3,Noida,8250.0,75.0,146.8,1.8,OPERATIONAL,OPERATIONAL,NONE,NONE,0.0,999.9,12.28,38.1,999.9,1,3,3,12,84.54
NOI_SEC150,2025-Q4,Noida,8375.0,75.0,148.6,1.8,OPERATIONAL,OPERATIONAL,NONE,NONE,0.0,999.9,12.28,38.1,999.9,1,3,3,12,84.54
GRN_OMEGA1,2019-Q1,Greater Noida,5000.0,70.0,100.0,1.8,APPROVED,OPERATIONAL,NONE,NONE,0.0,15.93,14.85,41.69,999.9,2,3,3,4,84.5
GRN_OMEGA1,2019-Q2,Greater Noida,5125.0,70.0,101.8,1.8,APPROVED,OPERATIONAL,NONE,NONE,0.0,15.93,14.85,41.69,999.9,2,3,3,4,84.5
GRN_OMEGA1,2019-Q3,Greater Noida,5250.0,70.0,103.6,1.8,CONTRACTED,OPERATIONAL,NONE,NONE,0.0,15.93,14.85,41.69,999.9,2,3,3,4,84.5
GRN_OMEGA1,2019-Q4,Greater Noida,5375.0,70.0,105.4,1.8,CONTRACTED,OPERATIONAL,NONE,NONE,0.0,15.93,14.85,41.69,999.9,2,3,3,4,84.5
GRN_OMEGA1,2020-Q1,Greater Noida,5500.0,70.0,107.2,1.8,UNDER_CONSTRUCTION,OPERATIONAL,NONE,NONE,0.0,15.93,14.85,41.69,999.9,2,3,3,4,84.5
GRN_OMEGA1,2020-Q2,Greater Noida,5625.0,70.0,109.0,1.8,UNDER_CONSTRUCTION,OPERATIONAL,NONE,NONE,0.0,15.93,14.85,41.69,999.9,2,3,3,4,84.5
GRN_OMEGA1,2020-Q3,Greater Noida,5750.0,70.0,110.8,1.8,UNDER_CONSTRUCTION,OPERATIONAL,NONE,NONE,0.0,15.93,14.85,41.69,999.9,2,3,3,4,84.5
GRN_OMEGA1,2020-Q4,Greater Noida,5875.0,70.0,112.6,1.8,UNDER_CONSTRUCTION,OPERATIONAL,NONE,NONE,0.0,15.93,14.85,41.69,999.9,2,3,3,4,84.5
GRN_OMEGA1,2021-Q1,Greater Noida,6000.0,70.0,114.4,1.8,UNDER_CONSTRUCTION,OPERATIONAL,NONE,NONE,0.0,15.93,14.85,41.69,999.9,2,3,3,4,84.5
GRN_OMEGA1,2021-Q2,Greater Noida,6125.0,70.0,116.2,1.8,UNDER_CONSTRUCTION,OPERATIONAL,NONE,NONE,0.0,15.93,14.85,41.69,999.9,2,3,3,4,84.5
GRN_OMEGA1,2021-Q3,Greater Noida,6250.0,70.0,118.0,1.8,UNDER_CONSTRUCTION,OPERATIONAL,NONE,NONE,0.0,15.93,14.85,41.69,999.9,2,3,3,4,84.5
GRN_OMEGA1,2021-Q4,Greater Noida,6375.0,70.0,119.8,1.8,UNDER_CONSTRUCTION,OPERATIONAL,NONE,NONE,0.0,15.93,14.85,41.69,999.9,2,3,3,4,84.5
GRN_OMEGA1,2022-Q1,Greater Noida,6500.0,70.0,121.6,1.8,UNDER_CONSTRUCTION,OPERATIONAL,NONE,NONE,0.0,15.93,14.85,41.69,999.9,2,3,3,4,84.5
GRN_OMEGA1,2022-Q2,Greater Noida,6625.0,70.0,123.4,1.8,UNDER_CONSTRUCTION,OPERATIONAL,NONE,NONE,0.0,15.93,14.85,41.69,999.9,2,3,3,4,84.5
GRN_OMEGA1,2022-Q3,Greater Noida,6750.0,70.0,125.2,1.8,UNDER_CONSTRUCTION,OPERATIONAL,NONE,NONE,0.0,15.93,14.85,41.69,999.9,2,3,3,4,84.5
GRN_OMEGA1,2022-Q4,Greater Noida,6875.0,70.0,127.0,1.8,UNDER_CONSTRUCTION,OPERATIONAL,NONE,NONE,0.0,15.93,14.85,41.69,999.9,2,3,3,4,84.5
GRN_OMEGA1,2023-Q1,Greater Noida,7000.0,70.0,128.8,1.8,UNDER_CONSTRUCTION,OPERATIONAL,NONE,NONE,0.0,15.93,14.85,41.69,999.9,2,3,3,4,84.5
GRN_OMEGA1,2023-Q2,Greater Noida,7125.0,70.0,130.6,1.8,UNDER_CONSTRUCTION,OPERATIONAL,NONE,NONE,0.0,15.93,14.85,41.69,999.9,2,3,3,4,84.5
GRN_OMEGA1,2023-Q3,Greater Noida,7250.0,70.0,132.4,1.8,UNDER_CONSTRUCTION,OPERATIONAL,NONE,NONE,0.0,15.93,14.85,41.69,999.9,2,3,3,4,84.5
GRN_OMEGA1,2023-Q4,Greater Noida,7375.0,70.0,134.2,1.8,OPERATIONAL,OPERATIONAL,NONE,NONE,0.0,999.9,14.85,41.69,999.9,2,3,3,4,84.5
GRN_OMEGA1,2024-Q1,Greater Noida,7500.0,70.0,136.0,1.8,OPERATIONAL,OPERATIONAL,NONE,NONE,0.0,999.9,14.85,41.69,999.9,2,3,3,4,84.5
GRN_OMEGA1,2024-Q2,Greater Noida,7625.0,70.0,137.8,1.8,OPERATIONAL,OPERATIONAL,NONE,NONE,0.0,999.9,14.85,41.69,999.9,2,3,3,4,84.5
GRN_OMEGA1,2024-Q3,Greater Noida,7750.0,70.0,139.6,1.8,OPERATIONAL,OPERATIONAL,NONE,NONE,0.0,999.9,14.85,41.69,999.9,2,3,3,4,84.5
GRN_OMEGA1,2024-Q4,Greater Noida,7875.0,70.0,141.4,1.8,OPERATIONAL,OPERATIONAL,NONE,NONE,0.0,999.9,14.85,41.69,999.9,2,3,3,4,84.5
GRN_OMEGA1,2025-Q1,Greater Noida,8000.0,70.0,143.2,1.8,OPERATIONAL,OPERATIONAL,NONE,NONE,0.0,999.9,14.85,41.69,999.9,2,3,3,4,84.5
GRN_OMEGA1,2025-Q2,Greater Noida,8125.0,70.0,145.0,1.8,OPERATIONAL,OPERATIONAL,NONE,NONE,0.0,999.9,14.85,41.69,999.9,2,3,3,4,84.5
GRN_OMEGA1,2025-Q3,Greater Noida,8250.0,70.0,146.8,1.8,OPERATIONAL,OPERATIONAL,NONE,NONE,0.0,999.9,14.85,41.69,999.9,2,3,3,4,84.5
GRN_OMEGA1,2025-Q4,Greater Noida,8375.0,70.0,148.6,1.8,OPERATIONAL,OPERATIONAL,NONE,NONE,0.0,999.9,14.85,41.69,999.9,2,3,3,4,84.5
GRN_PARICHOWK,2019-Q1,Greater Noida,5000.0,75.0,100.0,1.8,APPROVED,UNDER_CONSTRUCTION,NONE,NONE,0.0,15.91,14.47,41.21,999.9,2,3,3,4,85.75
GRN_PARICHOWK,2019-Q2,Greater Noida,5125.0,75.0,101.8,1.8,APPROVED,UNDER_CONSTRUCTION,NONE,NONE,0.0,15.91,14.47,41.21,999.9,2,3,3,4,85.75
GRN_PARICHOWK,2019-Q3,Greater Noida,5250.0,75.0,103.6,1.8,CONTRACTED,UNDER_CONSTRUCTION,NONE,NONE,0.0,15.91,14.47,41.21,999.9,2,3,3,4,85.75
GRN_PARICHOWK,2019-Q4,Greater Noida,5375.0,75.0,105.4,1.8,CONTRACTED,UNDER_CONSTRUCTION,NONE,NONE,0.0,15.91,14.47,41.21,999.9,2,3,3,4,85.75
GRN_PARICHOWK,2020-Q1,Greater Noida,5500.0,75.0,107.2,1.8,UNDER_CONSTRUCTION,UNDER_CONSTRUCTION,NONE,NONE,0.0,15.91,14.47,41.21,999.9,2,3,3,4,85.75
GRN_PARICHOWK,2020-Q2,Greater Noida,5625.0,75.0,109.0,1.8,UNDER_CONSTRUCTION,UNDER_CONSTRUCTION,NONE,NONE,0.0,15.91,14.47,41.21,999.9,2,3,3,4,85.75
GRN_PARICHOWK,2020-Q3,Greater Noida,5750.0,75.0,110.8,1.8,UNDER_CONSTRUCTION,UNDER_CONSTRUCTION,NONE,NONE,0.0,15.91,14.47,41.21,999.9,2,3,3,4,85.75
GRN_PARICHOWK,2020-Q4,Greater Noida,5875.0,75.0,112.6,1.8,UNDER_CONSTRUCTION,UNDER_CONSTRUCTION,NONE,NONE,0.0,15.91,14.47,41.21,999.9,2,3,3,4,85.75
GRN_PARICHOWK,2021-Q1,Greater Noida,6000.0,75.0,114.4,1.8,UNDER_CONSTRUCTION,UNDER_CONSTRUCTION,NONE,NONE,0.0,15.91,14.47,41.21,999.9,2,3,3,4,85.75
GRN_PARICHOWK,2021-Q2,Greater Noida,6125.0,75.0,116.2,1.8,UNDER_CONSTRUCTION,UNDER_CONSTRUCTION,NONE,NONE,0.0,15.91,14.47,41.21,999.9,2,3,3,4,85.75
GRN_PARICHOWK,2021-Q3,Greater Noida,6250.0,75.0,118.0,1.8,UNDER_CONSTRUCTION,UNDER_CONSTRUCTION,NONE,NONE,0.0,15.91,14.47,41.21,999.9,2,3,3,4,85.75
GRN_PARICHOWK,2021-Q4,Greater Noida,6375.0,75.0,119.8,1.8,UNDER_CONSTRUCTION,OPERATIONAL,NONE,NONE,0.0,15.91,14.47,41.21,999.9,2,3,3,4,85.75
GRN_PARICHOWK,2022-Q1,Greater Noida,6500.0,75.0,121.6,1.8,UNDER_CONSTRUCTION,OPERATIONAL,NONE,NONE,0.0,15.91,14.47,41.21,999.9,2,3,3,4,85.75
GRN_PARICHOWK,2022-Q2,Greater Noida,6625.0,75.0,123.4,1.8,UNDER_CONSTRUCTION,OPERATIONAL,NONE,NONE,0.0,15.91,14.47,41.21,999.9,2,3,3,4,85.75
GRN_PARICHOWK,2022-Q3,Greater Noida,6750.0,75.0,125.2,1.8,UNDER_CONSTRUCTION,OPERATIONAL,NONE,NONE,0.0,15.91,14.47,41.21,999.9,2,3,3,4,85.75
GRN_PARICHOWK,2022-Q4,Greater Noida,6875.0,75.0,127.0,1.8,UNDER_CONSTRUCTION,OPERATIONAL,NONE,NONE,0.0,15.91,14.47,41.21,999.9,2,3,3,4,85.75
GRN_PARICHOWK,2023-Q1,Greater Noida,7000.0,75.0,128.8,1.8,UNDER_CONSTRUCTION,OPERATIONAL,NONE,NONE,0.0,15.91,14.47,41.21,999.9,2,3,3,4,85.75
GRN_PARICHOWK,2023-Q2,Greater Noida,7125.0,75.0,130.6,1.8,UNDER_CONSTRUCTION,OPERATIONAL,NONE,NONE,0.0,15.91,14.47,41.21,999.9,2,3,3,4,85.75
GRN_PARICHOWK,2023-Q3,Greater Noida,7250.0,75.0,132.4,1.8,UNDER_CONSTRUCTION,OPERATIONAL,NONE,NONE,0.0,15.91,14.47,41.21,999.9,2,3,3,4,85.75
GRN_PARICHOWK,2023-Q4,Greater Noida,7375.0,75.0,134.2,1.8,OPERATIONAL,OPERATIONAL,NONE,NONE,0.0,999.9,14.47,41.21,999.9,2,3,3,4,85.75
GRN_PARICHOWK,2024-Q1,Greater Noida,7500.0,75.0,136.0,1.8,OPERATIONAL,OPERATIONAL,NONE,NONE,0.0,999.9,14.47,41.21,999.9,2,3,3,4,85.75
GRN_PARICHOWK,2024-Q2,Greater Noida,7625.0,75.0,137.8,1.8,OPERATIONAL,OPERATIONAL,NONE,NONE,0.0,999.9,14.47,41.21,999.9,2,3,3,4,85.75
GRN_PARICHOWK,2024-Q3,Greater Noida,7750.0,75.0,139.6,1.8,OPERATIONAL,OPERATIONAL,NONE,NONE,0.0,999.9,14.47,41.21,999.9,2,3,3,4,85.75
GRN_PARICHOWK,2024-Q4,Greater Noida,7875.0,75.0,141.4,1.8,OPERATIONAL,OPERATIONAL,NONE,NONE,0.0,999.9,14.47,41.21,999.9,2,3,3,4,85.75
GRN_PARICHOWK,2025-Q1,Greater Noida,8000.0,75.0,143.2,1.8,OPERATIONAL,OPERATIONAL,NONE,NONE,0.0,999.9,14.47,41.21,999.9,2,3,3,4,85.75
GRN_PARICHOWK,2025-Q2,Greater Noida,8125.0,75.0,145.0,1.8,OPERATIONAL,OPERATIONAL,NONE,NONE,0.0,999.9,14.47,41.21,999.9,2,3,3,4,85.75
GRN_PARICHOWK,2025-Q3,Greater Noida,8250.0,75.0,146.8,1.8,OPERATIONAL,OPERATIONAL,NONE,NONE,0.0,999.9,14.47,41.21,999.9,2,3,3,4,85.75
GRN_PARICHOWK,2025-Q4,Greater Noida,8375.0,75.0,148.6,1.8,OPERATIONAL,OPERATIONAL,NONE,NONE,0.0,999.9,14.47,41.21,999.9,2,3,3,4,85.75
GNW_SEC4,2019-Q1,Greater Noida West,,,100.0,1.8,APPROVED,OPERATIONAL,NONE,NONE,7.88,0.0,9.8,34.49,999.9,0,0,2,4,73.18
GNW_SEC4,2019-Q2,Greater Noida West,,,101.8,1.8,APPROVED,OPERATIONAL,NONE,NONE,7.88,0.0,9.8,34.49,999.9,0,0,2,4,73.18
GNW_SEC4,2019-Q3,Greater Noida West,,,103.6,1.8,CONTRACTED,OPERATIONAL,NONE,NONE,7.88,0.0,9.8,34.49,999.9,0,0,2,4,73.18
GNW_SEC4,2019-Q4,Greater Noida West,,,105.4,1.8,CONTRACTED,OPERATIONAL,NONE,NONE,7.88,0.0,9.8,34.49,999.9,0,0,2,4,73.18
GNW_SEC4,2020-Q1,Greater Noida West,,,107.2,1.8,UNDER_CONSTRUCTION,OPERATIONAL,NONE,NONE,7.88,0.0,9.8,34.49,999.9,0,0,2,4,73.18
GNW_SEC4,2020-Q2,Greater Noida West,,,109.0,1.8,UNDER_CONSTRUCTION,OPERATIONAL,NONE,NONE,7.88,0.0,9.8,34.49,999.9,0,0,2,4,73.18
GNW_SEC4,2020-Q3,Greater Noida West,,,110.8,1.8,UNDER_CONSTRUCTION,OPERATIONAL,NONE,NONE,7.88,0.0,9.8,34.49,999.9,0,0,2,4,73.18
GNW_SEC4,2020-Q4,Greater Noida West,,,112.6,1.8,UNDER_CONSTRUCTION,OPERATIONAL,NONE,NONE,7.88,0.0,9.8,34.49,999.9,0,0,2,4,73.18
GNW_SEC4,2021-Q1,Greater Noida West,,,114.4,1.8,UNDER_CONSTRUCTION,OPERATIONAL,NONE,NONE,7.88,0.0,9.8,34.49,999.9,0,0,2,4,73.18
GNW_SEC4,2021-Q2,Greater Noida West,,,116.2,1.8,UNDER_CONSTRUCTION,OPERATIONAL,NONE,NONE,7.88,0.0,9.8,34.49,999.9,0,0,2,4,73.18
GNW_SEC4,2021-Q3,Greater Noida West,,,118.0,1.8,UNDER_CONSTRUCTION,OPERATIONAL,NONE,NONE,7.88,0.0,9.8,34.49,999.9,0,0,2,4,73.18
GNW_SEC4,2021-Q4,Greater Noida West,,,119.8,1.8,UNDER_CONSTRUCTION,OPERATIONAL,NONE,NONE,7.88,0.0,9.8,34.49,999.9,0,0,2,4,73.18
GNW_SEC4,2022-Q1,Greater Noida West,6500.0,70.0,121.6,1.8,UNDER_CONSTRUCTION,OPERATIONAL,NONE,NONE,7.88,0.0,9.8,34.49,999.9,0,0,2,4,73.18
GNW_SEC4,2022-Q2,Greater Noida West,6625.0,70.0,123.4,1.8,UNDER_CONSTRUCTION,OPERATIONAL,NONE,NONE,7.88,0.0,9.8,34.49,999.9,0,0,2,4,73.18
GNW_SEC4,2022-Q3,Greater Noida West,6750.0,70.0,125.2,1.8,UNDER_CONSTRUCTION,OPERATIONAL,NONE,NONE,7.88,0.0,9.8,34.49,999.9,0,0,2,4,73.18
GNW_SEC4,2022-Q4,Greater Noida West,6875.0,70.0,127.0,1.8,UNDER_CONSTRUCTION,OPERATIONAL,NONE,NONE,7.88,0.0,9.8,34.49,999.9,0,0,2,4,73.18
GNW_SEC4,2023-Q1,Greater Noida West,7000.0,70.0,128.8,1.8,UNDER_CONSTRUCTION,OPERATIONAL,NONE,NONE,7.88,0.0,9.8,34.49,999.9,0,0,2,4,73.18
GNW_SEC4,2023-Q2,Greater Noida West,7125.0,70.0,130.6,1.8,UNDER_CONSTRUCTION,OPERATIONAL,NONE,NONE,7.88,0.0,9.8,34.49,999.9,0,0,2,4,73.18
GNW_SEC4,2023-Q3,Greater Noida West,7250.0,70.0,132.4,1.8,UNDER_CONSTRUCTION,OPERATIONAL,NONE,NONE,7.88,0.0,9.8,34.49,999.9,0,0,2,4,73.18
GNW_SEC4,2023-Q4,Greater Noida West,7375.0,70.0,134.2,1.8,OPERATIONAL,OPERATIONAL,NONE,NONE,0.0,999.9,9.8,34.49,999.9,1,1,3,4,73.18
GNW_SEC4,2024-Q1,Greater Noida West,7500.0,70.0,136.0,1.8,OPERATIONAL,OPERATIONAL,NONE,NONE,0.0,999.9,9.8,34.49,999.9,1,1,3,4,73.18
GNW_SEC4,2024-Q2,Greater Noida West,7625.0,70.0,137.8,1.8,OPERATIONAL,OPERATIONAL,NONE,NONE,0.0,999.9,9.8,34.49,999.9,1,1,3,4,73.18
GNW_SEC4,2024-Q3,Greater Noida West,7750.0,70.0,139.6,1.8,OPERATIONAL,OPERATIONAL,NONE,NONE,0.0,999.9,9.8,34.49,999.9,1,1,3,4,73.18
GNW_SEC4,2024-Q4,Greater Noida West,7875.0,70.0,141.4,1.8,OPERATIONAL,OPERATIONAL,NONE,NONE,0.0,999.9,9.8,34.49,999.9,1,1,3,4,73.18
GNW_SEC4,2025-Q1,Greater Noida West,8000.0,70.0,143.2,1.8,OPERATIONAL,OPERATIONAL,NONE,NONE,0.0,999.9,9.8,34.49,999.9,1,1,3,4,73.18
GNW_SEC4,2025-Q2,Greater Noida West,8125.0,70.0,145.0,1.8,OPERATIONAL,OPERATIONAL,NONE,NONE,0.0,999.9,9.8,34.49,999.9,1,1,3,4,73.18
GNW_SEC4,2025-Q3,Greater Noida West,8250.0,70.0,146.8,1.8,OPERATIONAL,OPERATIONAL,NONE,NONE,0.0,999.9,9.8,34.49,999.9,1,1,3,4,73.18
GNW_SEC4,2025-Q4,Greater Noida West,8375.0,70.0,148.6,1.8,OPERATIONAL,OPERATIONAL,NONE,NONE,0.0,999.9,9.8,34.49,999.9,1,1,3,4,73.18
GNW_SEC1,2019-Q1,Greater Noida West,,,100.0,1.8,NONE,UNDER_CONSTRUCTION,NONE,NONE,9.05,2.46,11.22,36.24,999.9,0,0,1,4,57.18
GNW_SEC1,2019-Q2,Greater Noida West,,,101.8,1.8,NONE,UNDER_CONSTRUCTION,NONE,NONE,9.05,2.46,11.22,36.24,999.9,0,0,1,4,57.18
GNW_SEC1,2019-Q3,Greater Noida West,,,103.6,1.8,NONE,UNDER_CONSTRUCTION,NONE,NONE,9.05,2.46,11.22,36.24,999.9,0,0,1,4,57.18
GNW_SEC1,2019-Q4,Greater Noida West,,,105.4,1.8,NONE,UNDER_CONSTRUCTION,NONE,NONE,9.05,2.46,11.22,36.24,999.9,0,0,1,4,57.18
GNW_SEC1,2020-Q1,Greater Noida West,,,107.2,1.8,NONE,UNDER_CONSTRUCTION,NONE,NONE,9.05,2.46,11.22,36.24,999.9,0,0,1,4,57.18
GNW_SEC1,2020-Q2,Greater Noida West,,,109.0,1.8,NONE,UNDER_CONSTRUCTION,NONE,NONE,9.05,2.46,11.22,36.24,999.9,0,0,1,4,57.18
GNW_SEC1,2020-Q3,Greater Noida West,,,110.8,1.8,NONE,UNDER_CONSTRUCTION,NONE,NONE,9.05,2.46,11.22,36.24,999.9,0,0,1,4,57.18
GNW_SEC1,2020-Q4,Greater Noida West,,,112.6,1.8,NONE,UNDER_CONSTRUCTION,NONE,NONE,9.05,2.46,11.22,36.24,999.9,0,0,1,4,57.18
GNW_SEC1,2021-Q1,Greater Noida West,,,114.4,1.8,NONE,UNDER_CONSTRUCTION,NONE,NONE,9.05,2.46,11.22,36.24,999.9,0,0,1,4,57.18
GNW_SEC1,2021-Q2,Greater Noida West,,,116.2,1.8,NONE,UNDER_CONSTRUCTION,NONE,NONE,9.05,2.46,11.22,36.24,999.9,0,0,1,4,57.18
GNW_SEC1,2021-Q3,Greater Noida West,,,118.0,1.8,NONE,UNDER_CONSTRUCTION,NONE,NONE,9.05,2.46,11.22,36.24,999.9,0,0,1,4,57.18
GNW_SEC1,2021-Q4,Greater Noida West,,,119.8,1.8,NONE,OPERATIONAL,NONE,NONE,9.05,2.46,11.22,36.24,999.9,0,0,1,4,57.18
GNW_SEC1,2022-Q1,Greater Noida West,6500.0,70.0,121.6,1.8,NONE,OPERATIONAL,NONE,NONE,9.05,2.46,11.22,36.24,999.9,0,0,1,4,57.18
GNW_SEC1,2022-Q2,Greater Noida West,6625.0,70.0,123.4,1.8,NONE,OPERATIONAL,NONE,NONE,9.05,2.46,11.22,36.24,999.9,0,0,1,4,57.18
GNW_SEC1,2022-Q3,Greater Noida West,6750.0,70.0,125.2,1.8,NONE,OPERATIONAL,NONE,NONE,9.05,2.46,11.22,36.24,999.9,0,0,1,4,57.18
GNW_SEC1,2022-Q4,Greater Noida West,6875.0,70.0,127.0,1.8,NONE,OPERATIONAL,NONE,NONE,9.05,2.46,11.22,36.24,999.9,0,0,1,4,57.18
GNW_SEC1,2023-Q1,Greater Noida West,7000.0,70.0,128.8,1.8,NONE,OPERATIONAL,NONE,NONE,9.05,2.46,11.22,36.24,999.9,0,0,1,4,57.18
GNW_SEC1,2023-Q2,Greater Noida West,7125.0,70.0,130.6,1.8,NONE,OPERATIONAL,NONE,NONE,9.05,2.46,11.22,36.24,999.9,0,0,1,4,57.18
GNW_SEC1,2023-Q3,Greater Noida West,7250.0,70.0,132.4,1.8,NONE,OPERATIONAL,NONE,NONE,9.05,2.46,11.22,36.24,999.9,0,0,1,4,57.18
GNW_SEC1,2023-Q4,Greater Noida West,7375.0,70.0,134.2,1.8,NONE,OPERATIONAL,NONE,NONE,9.05,2.46,11.22,36.24,999.9,0,0,1,4,57.18
GNW_SEC1,2024-Q1,Greater Noida West,7500.0,70.0,136.0,1.8,NONE,OPERATIONAL,NONE,NONE,9.05,2.46,11.22,36.24,999.9,0,0,1,4,57.18
GNW_SEC1,2024-Q2,Greater Noida West,7625.0,70.0,137.8,1.8,NONE,OPERATIONAL,NONE,NONE,9.05,2.46,11.22,36.24,999.9,0,0,1,4,57.18
GNW_SEC1,2024-Q3,Greater Noida West,7750.0,70.0,139.6,1.8,NONE,OPERATIONAL,NONE,NONE,9.05,2.46,11.22,36.24,999.9,0,0,1,4,57.18
GNW_SEC1,2024-Q4,Greater Noida West,7875.0,70.0,141.4,1.8,NONE,OPERATIONAL,NONE,NONE,9.05,2.46,11.22,36.24,999.9,0,0,1,4,57.18
GNW_SEC1,2025-Q1,Greater Noida West,8000.0,70.0,143.2,1.8,NONE,OPERATIONAL,NONE,NONE,9.05,2.46,11.22,36.24,999.9,0,0,1,4,57.18
GNW_SEC1,2025-Q2,Greater Noida West,8125.0,70.0,145.0,1.8,NONE,OPERATIONAL,NONE,NONE,9.05,2.46,11.22,36.24,999.9,0,0,1,4,57.18
GNW_SEC1,2025-Q3,Greater Noida West,8250.0,70.0,146.8,1.8,NONE,OPERATIONAL,NONE,NONE,9.05,2.46,11.22,36.24,999.9,0,0,1,4,57.18
GNW_SEC1,2025-Q4,Greater Noida West,8375.0,70.0,148.6,1.8,NONE,OPERATIONAL,NONE,NONE,9.05,2.46,11.22,36.24,999.9,0,0,1,4,57.18
YEX_SEC22D,2019-Q1,Yamuna Expressway / YEIDA / Jewar influence areas,,,100.0,1.8,NONE,UNDER_CONSTRUCTION,APPROVED,NONE,21.73,37.74,3.26,53.92,999.9,0,1,1,4,69.46
YEX_SEC22D,2019-Q2,Yamuna Expressway / YEIDA / Jewar influence areas,,,101.8,1.8,NONE,UNDER_CONSTRUCTION,APPROVED,NONE,21.73,37.74,3.26,53.92,999.9,0,1,1,4,69.46
YEX_SEC22D,2019-Q3,Yamuna Expressway / YEIDA / Jewar influence areas,,,103.6,1.8,NONE,UNDER_CONSTRUCTION,APPROVED,NONE,21.73,37.74,3.26,53.92,999.9,0,1,1,4,69.46
YEX_SEC22D,2019-Q4,Yamuna Expressway / YEIDA / Jewar influence areas,,,105.4,1.8,NONE,UNDER_CONSTRUCTION,APPROVED,NONE,21.73,37.74,3.26,53.92,999.9,0,1,1,4,69.46
YEX_SEC22D,2020-Q1,Yamuna Expressway / YEIDA / Jewar influence areas,,,107.2,1.8,NONE,UNDER_CONSTRUCTION,APPROVED,NONE,21.73,37.74,3.26,53.92,999.9,0,1,1,4,69.46
YEX_SEC22D,2020-Q2,Yamuna Expressway / YEIDA / Jewar influence areas,,,109.0,1.8,NONE,UNDER_CONSTRUCTION,APPROVED,NONE,21.73,37.74,3.26,53.92,999.9,0,1,1,4,69.46
YEX_SEC22D,2020-Q3,Yamuna Expressway / YEIDA / Jewar influence areas,,,110.8,1.8,NONE,UNDER_CONSTRUCTION,CONTRACTED,NONE,21.73,37.74,3.26,53.92,999.9,0,1,1,4,69.46
YEX_SEC22D,2020-Q4,Yamuna Expressway / YEIDA / Jewar influence areas,,,112.6,1.8,NONE,UNDER_CONSTRUCTION,CONTRACTED,NONE,21.73,37.74,3.26,53.92,999.9,0,1,1,4,69.46
YEX_SEC22D,2021-Q1,Yamuna Expressway / YEIDA / Jewar influence areas,,,114.4,1.8,NONE,UNDER_CONSTRUCTION,CONTRACTED,NONE,21.73,37.74,3.26,53.92,999.9,0,1,1,4,69.46
YEX_SEC22D,2021-Q2,Yamuna Expressway / YEIDA / Jewar influence areas,,,116.2,1.8,NONE,UNDER_CONSTRUCTION,CONTRACTED,NONE,21.73,37.74,3.26,53.92,999.9,0,1,1,4,69.46
YEX_SEC22D,2021-Q3,Yamuna Expressway / YEIDA / Jewar influence areas,,,118.0,1.8,NONE,UNDER_CONSTRUCTION,UNDER_CONSTRUCTION,NONE,21.73,37.74,3.26,53.92,999.9,0,1,1,4,69.46
YEX_SEC22D,2021-Q4,Yamuna Expressway / YEIDA / Jewar influence areas,,,119.8,1.8,NONE,OPERATIONAL,UNDER_CONSTRUCTION,NONE,21.73,37.74,3.26,53.92,999.9,0,1,1,4,69.46
YEX_SEC22D,2022-Q1,Yamuna Expressway / YEIDA / Jewar influence areas,,,121.6,1.8,NONE,OPERATIONAL,UNDER_CONSTRUCTION,NONE,21.73,37.74,3.26,53.92,999.9,0,1,1,4,69.46
YEX_SEC22D,2022-Q2,Yamuna Expressway / YEIDA / Jewar influence areas,,,123.4,1.8,NONE,OPERATIONAL,UNDER_CONSTRUCTION,NONE,21.73,37.74,3.26,53.92,999.9,0,1,1,4,69.46
YEX_SEC22D,2022-Q3,Yamuna Expressway / YEIDA / Jewar influence areas,,,125.2,1.8,NONE,OPERATIONAL,UNDER_CONSTRUCTION,NONE,21.73,37.74,3.26,53.92,999.9,0,1,1,4,69.46
YEX_SEC22D,2022-Q4,Yamuna Expressway / YEIDA / Jewar influence areas,,,127.0,1.8,NONE,OPERATIONAL,UNDER_CONSTRUCTION,NONE,21.73,37.74,3.26,53.92,999.9,0,1,1,4,69.46
YEX_SEC22D,2023-Q1,Yamuna Expressway / YEIDA / Jewar influence areas,,,128.8,1.8,NONE,OPERATIONAL,UNDER_CONSTRUCTION,NONE,21.73,37.74,3.26,53.92,999.9,0,1,1,4,69.46
YEX_SEC22D,2023-Q2,Yamuna Expressway / YEIDA / Jewar influence areas,,,130.6,1.8,NONE,OPERATIONAL,UNDER_CONSTRUCTION,NONE,21.73,37.74,3.26,53.92,999.9,0,1,1,4,69.46
YEX_SEC22D,2023-Q3,Yamuna Expressway / YEIDA / Jewar influence areas,,,132.4,1.8,NONE,OPERATIONAL,UNDER_CONSTRUCTION,NONE,21.73,37.74,3.26,53.92,999.9,0,1,1,4,69.46
YEX_SEC22D,2023-Q4,Yamuna Expressway / YEIDA / Jewar influence areas,,,134.2,1.8,NONE,OPERATIONAL,UNDER_CONSTRUCTION,NONE,21.73,37.74,3.26,53.92,999.9,0,1,1,4,69.46
YEX_SEC22D,2024-Q1,Yamuna Expressway / YEIDA / Jewar influence areas,7500.0,60.0,136.0,1.8,NONE,OPERATIONAL,UNDER_CONSTRUCTION,NONE,21.73,37.74,3.26,53.92,999.9,0,1,1,4,69.46
YEX_SEC22D,2024-Q2,Yamuna Expressway / YEIDA / Jewar influence areas,7625.0,60.0,137.8,1.8,NONE,OPERATIONAL,UNDER_CONSTRUCTION,NONE,21.73,37.74,3.26,53.92,999.9,0,1,1,4,69.46
YEX_SEC22D,2024-Q3,Yamuna Expressway / YEIDA / Jewar influence areas,7750.0,60.0,139.6,1.8,NONE,OPERATIONAL,UNDER_CONSTRUCTION,NONE,21.73,37.74,3.26,53.92,999.9,0,1,1,4,69.46
YEX_SEC22D,2024-Q4,Yamuna Expressway / YEIDA / Jewar influence areas,7875.0,60.0,141.4,1.8,NONE,OPERATIONAL,UNDER_CONSTRUCTION,NONE,21.73,37.74,3.26,53.92,999.9,0,1,1,4,69.46
YEX_SEC22D,2025-Q1,Yamuna Expressway / YEIDA / Jewar influence areas,8000.0,60.0,143.2,1.8,NONE,OPERATIONAL,UNDER_CONSTRUCTION,NONE,21.73,37.74,3.26,53.92,999.9,0,1,1,4,69.46
YEX_SEC22D,2025-Q2,Yamuna Expressway / YEIDA / Jewar influence areas,8125.0,60.0,145.0,1.8,NONE,OPERATIONAL,UNDER_CONSTRUCTION,NONE,21.73,37.74,3.26,53.92,999.9,0,1,1,4,69.46
YEX_SEC22D,2025-Q3,Yamuna Expressway / YEIDA / Jewar influence areas,8250.0,60.0,146.8,1.8,NONE,OPERATIONAL,UNDER_CONSTRUCTION,NONE,21.73,37.74,3.26,53.92,999.9,0,1,1,4,69.46
YEX_SEC22D,2025-Q4,Yamuna Expressway / YEIDA / Jewar influence areas,8375.0,60.0,148.6,1.8,NONE,OPERATIONAL,UNDER_CONSTRUCTION,NONE,21.73,37.74,3.26,53.92,999.9,0,1,1,4,69.46
YEX_SEC19,2019-Q1,Yamuna Expressway / YEIDA / Jewar influence areas,,,100.0,1.8,NONE,UNDER_CONSTRUCTION,NONE,NONE,15.46,31.35,3.4,49.67,999.9,0,1,1,4,55.46
YEX_SEC19,2019-Q2,Yamuna Expressway / YEIDA / Jewar influence areas,,,101.8,1.8,NONE,UNDER_CONSTRUCTION,NONE,NONE,15.46,31.35,3.4,49.67,999.9,0,1,1,4,55.46
YEX_SEC19,2019-Q3,Yamuna Expressway / YEIDA / Jewar influence areas,,,103.6,1.8,NONE,UNDER_CONSTRUCTION,NONE,NONE,15.46,31.35,3.4,49.67,999.9,0,1,1,4,55.46
YEX_SEC19,2019-Q4,Yamuna Expressway / YEIDA / Jewar influence areas,,,105.4,1.8,NONE,UNDER_CONSTRUCTION,NONE,NONE,15.46,31.35,3.4,49.67,999.9,0,1,1,4,55.46
YEX_SEC19,2020-Q1,Yamuna Expressway / YEIDA / Jewar influence areas,,,107.2,1.8,NONE,UNDER_CONSTRUCTION,NONE,NONE,15.46,31.35,3.4,49.67,999.9,0,1,1,4,55.46
YEX_SEC19,2020-Q2,Yamuna Expressway / YEIDA / Jewar influence areas,,,109.0,1.8,NONE,UNDER_CONSTRUCTION,NONE,NONE,15.46,31.35,3.4,49.67,999.9,0,1,1,4,55.46
YEX_SEC19,2020-Q3,Yamuna Expressway / YEIDA / Jewar influence areas,,,110.8,1.8,NONE,UNDER_CONSTRUCTION,NONE,NONE,15.46,31.35,3.4,49.67,999.9,0,1,1,4,55.46
YEX_SEC19,2020-Q4,Yamuna Expressway / YEIDA / Jewar influence areas,,,112.6,1.8,NONE,UNDER_CONSTRUCTION,NONE,NONE,15.46,31.35,3.4,49.67,999.9,0,1,1,4,55.46
YEX_SEC19,2021-Q1,Yamuna Expressway / YEIDA / Jewar influence areas,,,114.4,1.8,NONE,UNDER_CONSTRUCTION,NONE,NONE,15.46,31.35,3.4,49.67,999.9,0,1,1,4,55.46
YEX_SEC19,2021-Q2,Yamuna Expressway / YEIDA / Jewar influence areas,,,116.2,1.8,NONE,UNDER_CONSTRUCTION,NONE,NONE,15.46,31.35,3.4,49.67,999.9,0,1,1,4,55.46
YEX_SEC19,2021-Q3,Yamuna Expressway / YEIDA / Jewar influence areas,,,118.0,1.8,NONE,UNDER_CONSTRUCTION,NONE,NONE,15.46,31.35,3.4,49.67,999.9,0,1,1,4,55.46
YEX_SEC19,2021-Q4,Yamuna Expressway / YEIDA / Jewar influence areas,,,119.8,1.8,NONE,OPERATIONAL,NONE,NONE,15.46,31.35,3.4,49.67,999.9,0,1,1,4,55.46
YEX_SEC19,2022-Q1,Yamuna Expressway / YEIDA / Jewar influence areas,,,121.6,1.8,NONE,OPERATIONAL,NONE,NONE,15.46,31.35,3.4,49.67,999.9,0,1,1,4,55.46
YEX_SEC19,2022-Q2,Yamuna Expressway / YEIDA / Jewar influence areas,,,123.4,1.8,NONE,OPERATIONAL,NONE,NONE,15.46,31.35,3.4,49.67,999.9,0,1,1,4,55.46
YEX_SEC19,2022-Q3,Yamuna Expressway / YEIDA / Jewar influence areas,,,125.2,1.8,NONE,OPERATIONAL,NONE,NONE,15.46,31.35,3.4,49.67,999.9,0,1,1,4,55.46
YEX_SEC19,2022-Q4,Yamuna Expressway / YEIDA / Jewar influence areas,,,127.0,1.8,NONE,OPERATIONAL,NONE,NONE,15.46,31.35,3.4,49.67,999.9,0,1,1,4,55.46
YEX_SEC19,2023-Q1,Yamuna Expressway / YEIDA / Jewar influence areas,,,128.8,1.8,NONE,OPERATIONAL,NONE,NONE,15.46,31.35,3.4,49.67,999.9,0,1,1,4,55.46
YEX_SEC19,2023-Q2,Yamuna Expressway / YEIDA / Jewar influence areas,,,130.6,1.8,NONE,OPERATIONAL,NONE,NONE,15.46,31.35,3.4,49.67,999.9,0,1,1,4,55.46
YEX_SEC19,2023-Q3,Yamuna Expressway / YEIDA / Jewar influence areas,,,132.4,1.8,NONE,OPERATIONAL,NONE,NONE,15.46,31.35,3.4,49.67,999.9,0,1,1,4,55.46
YEX_SEC19,2023-Q4,Yamuna Expressway / YEIDA / Jewar influence areas,,,134.2,1.8,NONE,OPERATIONAL,NONE,NONE,15.46,31.35,3.4,49.67,999.9,0,1,1,4,55.46
YEX_SEC19,2024-Q1,Yamuna Expressway / YEIDA / Jewar influence areas,7500.0,60.0,136.0,1.8,NONE,OPERATIONAL,NONE,NONE,15.46,31.35,3.4,49.67,999.9,0,1,1,4,55.46
YEX_SEC19,2024-Q2,Yamuna Expressway / YEIDA / Jewar influence areas,7625.0,60.0,137.8,1.8,NONE,OPERATIONAL,NONE,NONE,15.46,31.35,3.4,49.67,999.9,0,1,1,4,55.46
YEX_SEC19,2024-Q3,Yamuna Expressway / YEIDA / Jewar influence areas,7750.0,60.0,139.6,1.8,NONE,OPERATIONAL,NONE,NONE,15.46,31.35,3.4,49.67,999.9,0,1,1,4,55.46
YEX_SEC19,2024-Q4,Yamuna Expressway / YEIDA / Jewar influence areas,7875.0,60.0,141.4,1.8,NONE,OPERATIONAL,NONE,NONE,15.46,31.35,3.4,49.67,999.9,0,1,1,4,55.46
YEX_SEC19,2025-Q1,Yamuna Expressway / YEIDA / Jewar influence areas,8000.0,60.0,143.2,1.8,NONE,OPERATIONAL,NONE,NONE,15.46,31.35,3.4,49.67,999.9,0,1,1,4,55.46
YEX_SEC19,2025-Q2,Yamuna Expressway / YEIDA / Jewar influence areas,8125.0,60.0,145.0,1.8,NONE,OPERATIONAL,NONE,NONE,15.46,31.35,3.4,49.67,999.9,0,1,1,4,55.46
YEX_SEC19,2025-Q3,Yamuna Expressway / YEIDA / Jewar influence areas,8250.0,60.0,146.8,1.8,NONE,OPERATIONAL,NONE,NONE,15.46,31.35,3.4,49.67,999.9,0,1,1,4,55.46
YEX_SEC19,2025-Q4,Yamuna Expressway / YEIDA / Jewar influence areas,8375.0,60.0,148.6,1.8,NONE,OPERATIONAL,NONE,NONE,15.46,31.35,3.4,49.67,999.9,0,1,1,4,55.46
GZB_INDIRAPURAM,2019-Q1,Ghaziabad,5000.0,80.0,100.0,1.8,APPROVED,UNDER_CONSTRUCTION,NONE,NONE,1.99,8.52,3.72,28.13,999.9,1,2,2,4,86.5
GZB_INDIRAPURAM,2019-Q2,Ghaziabad,5125.0,80.0,101.8,1.8,APPROVED,UNDER_CONSTRUCTION,NONE,NONE,1.99,8.52,3.72,28.13,999.9,1,2,2,4,86.5
GZB_INDIRAPURAM,2019-Q3,Ghaziabad,5250.0,80.0,103.6,1.8,CONTRACTED,UNDER_CONSTRUCTION,NONE,NONE,1.99,8.52,3.72,28.13,999.9,1,2,2,4,86.5
GZB_INDIRAPURAM,2019-Q4,Ghaziabad,5375.0,80.0,105.4,1.8,CONTRACTED,UNDER_CONSTRUCTION,NONE,NONE,1.99,8.52,3.72,28.13,999.9,1,2,2,4,86.5
GZB_INDIRAPURAM,2020-Q1,Ghaziabad,5500.0,80.0,107.2,1.8,UNDER_CONSTRUCTION,UNDER_CONSTRUCTION,NONE,NONE,1.99,8.52,3.72,28.13,999.9,1,2,2,4,86.5
GZB_INDIRAPURAM,2020-Q2,Ghaziabad,5625.0,80.0,109.0,1.8,UNDER_CONSTRUCTION,UNDER_CONSTRUCTION,NONE,NONE,1.99,8.52,3.72,28.13,999.9,1,2,2,4,86.5
GZB_INDIRAPURAM,2020-Q3,Ghaziabad,5750.0,80.0,110.8,1.8,UNDER_CONSTRUCTION,UNDER_CONSTRUCTION,NONE,NONE,1.99,8.52,3.72,28.13,999.9,1,2,2,4,86.5
GZB_INDIRAPURAM,2020-Q4,Ghaziabad,5875.0,80.0,112.6,1.8,UNDER_CONSTRUCTION,UNDER_CONSTRUCTION,NONE,NONE,1.99,8.52,3.72,28.13,999.9,1,2,2,4,86.5
GZB_INDIRAPURAM,2021-Q1,Ghaziabad,6000.0,80.0,114.4,1.8,UNDER_CONSTRUCTION,UNDER_CONSTRUCTION,NONE,NONE,1.99,8.52,3.72,28.13,999.9,1,2,2,4,86.5
GZB_INDIRAPURAM,2021-Q2,Ghaziabad,6125.0,80.0,116.2,1.8,UNDER_CONSTRUCTION,UNDER_CONSTRUCTION,NONE,NONE,1.99,8.52,3.72,28.13,999.9,1,2,2,4,86.5
GZB_INDIRAPURAM,2021-Q3,Ghaziabad,6250.0,80.0,118.0,1.8,UNDER_CONSTRUCTION,UNDER_CONSTRUCTION,NONE,NONE,1.99,8.52,3.72,28.13,999.9,1,2,2,4,86.5
GZB_INDIRAPURAM,2021-Q4,Ghaziabad,6375.0,80.0,119.8,1.8,UNDER_CONSTRUCTION,OPERATIONAL,NONE,NONE,1.99,8.52,3.72,28.13,999.9,1,2,2,4,86.5
GZB_INDIRAPURAM,2022-Q1,Ghaziabad,6500.0,80.0,121.6,1.8,UNDER_CONSTRUCTION,OPERATIONAL,NONE,NONE,1.99,8.52,3.72,28.13,999.9,1,2,2,4,86.5
GZB_INDIRAPURAM,2022-Q2,Ghaziabad,6625.0,80.0,123.4,1.8,UNDER_CONSTRUCTION,OPERATIONAL,NONE,NONE,1.99,8.52,3.72,28.13,999.9,1,2,2,4,86.5
GZB_INDIRAPURAM,2022-Q3,Ghaziabad,6750.0,80.0,125.2,1.8,UNDER_CONSTRUCTION,OPERATIONAL,NONE,NONE,1.99,8.52,3.72,28.13,999.9,1,2,2,4,86.5
GZB_INDIRAPURAM,2022-Q4,Ghaziabad,6875.0,80.0,127.0,1.8,UNDER_CONSTRUCTION,OPERATIONAL,NONE,NONE,1.99,8.52,3.72,28.13,999.9,1,2,2,4,86.5
GZB_INDIRAPURAM,2023-Q1,Ghaziabad,7000.0,80.0,128.8,1.8,UNDER_CONSTRUCTION,OPERATIONAL,NONE,NONE,1.99,8.52,3.72,28.13,999.9,1,2,2,4,86.5
GZB_INDIRAPURAM,2023-Q2,Ghaziabad,7125.0,80.0,130.6,1.8,UNDER_CONSTRUCTION,OPERATIONAL,NONE,NONE,1.99,8.52,3.72,28.13,999.9,1,2,2,4,86.5
GZB_INDIRAPURAM,2023-Q3,Ghaziabad,7250.0,80.0,132.4,1.8,UNDER_CONSTRUCTION,OPERATIONAL,NONE,NONE,1.99,8.52,3.72,28.13,999.9,1,2,2,4,86.5
GZB_INDIRAPURAM,2023-Q4,Ghaziabad,7375.0,80.0,134.2,1.8,OPERATIONAL,OPERATIONAL,NONE,NONE,1.99,999.9,3.72,28.13,999.9,1,2,3,4,86.5
GZB_INDIRAPURAM,2024-Q1,Ghaziabad,7500.0,80.0,136.0,1.8,OPERATIONAL,OPERATIONAL,NONE,NONE,1.99,999.9,3.72,28.13,999.9,1,2,3,4,86.5
GZB_INDIRAPURAM,2024-Q2,Ghaziabad,7625.0,80.0,137.8,1.8,OPERATIONAL,OPERATIONAL,NONE,NONE,1.99,999.9,3.72,28.13,999.9,1,2,3,4,86.5
GZB_INDIRAPURAM,2024-Q3,Ghaziabad,7750.0,80.0,139.6,1.8,OPERATIONAL,OPERATIONAL,NONE,NONE,1.99,999.9,3.72,28.13,999.9,1,2,3,4,86.5
GZB_INDIRAPURAM,2024-Q4,Ghaziabad,7875.0,80.0,141.4,1.8,OPERATIONAL,OPERATIONAL,NONE,NONE,1.99,999.9,3.72,28.13,999.9,1,2,3,4,86.5
GZB_INDIRAPURAM,2025-Q1,Ghaziabad,8000.0,80.0,143.2,1.8,OPERATIONAL,OPERATIONAL,NONE,NONE,1.99,999.9,3.72,28.13,999.9,1,2,3,4,86.5
GZB_INDIRAPURAM,2025-Q2,Ghaziabad,8125.0,80.0,145.0,1.8,OPERATIONAL,OPERATIONAL,NONE,NONE,1.99,999.9,3.72,28.13,999.9,1,2,3,4,86.5
GZB_INDIRAPURAM,2025-Q3,Ghaziabad,8250.0,80.0,146.8,1.8,OPERATIONAL,OPERATIONAL,NONE,NONE,1.99,999.9,3.72,28.13,999.9,1,2,3,4,86.5
GZB_INDIRAPURAM,2025-Q4,Ghaziabad,8375.0,80.0,148.6,1.8,OPERATIONAL,OPERATIONAL,NONE,NONE,1.99,999.9,3.72,28.13,999.9,1,2,3,4,86.5
GZB_RZNEXT,2019-Q1,Ghaziabad,,,100.0,1.8,NONE,UNDER_CONSTRUCTION,NONE,APPROVED,11.89,11.87,13.95,37.3,999.9,0,0,0,4,85.04
GZB_RZNEXT,2019-Q2,Ghaziabad,,,101.8,1.8,NONE,UNDER_CONSTRUCTION,NONE,APPROVED,11.89,11.87,13.95,37.3,999.9,0,0,0,4,85.04
GZB_RZNEXT,2019-Q3,Ghaziabad,,,103.6,1.8,NONE,UNDER_CONSTRUCTION,NONE,CONTRACTED,11.89,11.87,13.95,37.3,999.9,0,0,0,4,85.04
GZB_RZNEXT,2019-Q4,Ghaziabad,,,105.4,1.8,NONE,UNDER_CONSTRUCTION,NONE,CONTRACTED,11.89,11.87,13.95,37.3,999.9,0,0,0,4,85.04
GZB_RZNEXT,2020-Q1,Ghaziabad,,,107.2,1.8,NONE,UNDER_CONSTRUCTION,NONE,UNDER_CONSTRUCTION,11.89,11.87,13.95,37.3,999.9,0,0,0,4,85.04
GZB_RZNEXT,2020-Q2,Ghaziabad,,,109.0,1.8,NONE,UNDER_CONSTRUCTION,NONE,UNDER_CONSTRUCTION,11.89,11.87,13.95,37.3,999.9,0,0,0,4,85.04
GZB_RZNEXT,2020-Q3,Ghaziabad,,,110.8,1.8,NONE,UNDER_CONSTRUCTION,NONE,UNDER_CONSTRUCTION,11.89,11.87,13.95,37.3,999.9,0,0,0,4,85.04
GZB_RZNEXT,2020-Q4,Ghaziabad,,,112.6,1.8,NONE,UNDER_CONSTRUCTION,NONE,UNDER_CONSTRUCTION,11.89,11.87,13.95,37.3,999.9,0,0,0,4,85.04
GZB_RZNEXT,2021-Q1,Ghaziabad,6000.0,75.0,114.4,1.8,NONE,UNDER_CONSTRUCTION,NONE,UNDER_CONSTRUCTION,11.89,11.87,13.95,37.3,999.9,0,0,0,4,85.04
GZB_RZNEXT,2021-Q2,Ghaziabad,6125.0,75.0,116.2,1.8,NONE,UNDER_CONSTRUCTION,NONE,UNDER_CONSTRUCTION,11.89,11.87,13.95,37.3,999.9,0,0,0,4,85.04
GZB_RZNEXT,2021-Q3,Ghaziabad,6250.0,75.0,118.0,1.8,NONE,UNDER_CONSTRUCTION,NONE,UNDER_CONSTRUCTION,11.89,11.87,13.95,37.3,999.9,0,0,0,4,85.04
GZB_RZNEXT,2021-Q4,Ghaziabad,6375.0,75.0,119.8,1.8,NONE,OPERATIONAL,NONE,UNDER_CONSTRUCTION,11.89,11.87,13.95,37.3,999.9,0,0,0,4,85.04
GZB_RZNEXT,2022-Q1,Ghaziabad,6500.0,75.0,121.6,1.8,NONE,OPERATIONAL,NONE,UNDER_CONSTRUCTION,11.89,11.87,13.95,37.3,999.9,0,0,0,4,85.04
GZB_RZNEXT,2022-Q2,Ghaziabad,6625.0,75.0,123.4,1.8,NONE,OPERATIONAL,NONE,UNDER_CONSTRUCTION,11.89,11.87,13.95,37.3,999.9,0,0,0,4,85.04
GZB_RZNEXT,2022-Q3,Ghaziabad,6750.0,75.0,125.2,1.8,NONE,OPERATIONAL,NONE,UNDER_CONSTRUCTION,11.89,11.87,13.95,37.3,999.9,0,0,0,4,85.04
GZB_RZNEXT,2022-Q4,Ghaziabad,6875.0,75.0,127.0,1.8,NONE,OPERATIONAL,NONE,UNDER_CONSTRUCTION,11.89,11.87,13.95,37.3,999.9,0,0,0,4,85.04
GZB_RZNEXT,2023-Q1,Ghaziabad,7000.0,75.0,128.8,1.8,NONE,OPERATIONAL,NONE,UNDER_CONSTRUCTION,11.89,11.87,13.95,37.3,999.9,0,0,0,4,85.04
GZB_RZNEXT,2023-Q2,Ghaziabad,7125.0,75.0,130.6,1.8,NONE,OPERATIONAL,NONE,UNDER_CONSTRUCTION,11.89,11.87,13.95,37.3,999.9,0,0,0,4,85.04
GZB_RZNEXT,2023-Q3,Ghaziabad,7250.0,75.0,132.4,1.8,NONE,OPERATIONAL,NONE,UNDER_CONSTRUCTION,11.89,11.87,13.95,37.3,999.9,0,0,0,4,85.04
GZB_RZNEXT,2023-Q4,Ghaziabad,7375.0,75.0,134.2,1.8,NONE,OPERATIONAL,NONE,OPERATIONAL,11.89,11.87,13.95,37.3,0.0,1,1,1,4,85.04
GZB_RZNEXT,2024-Q1,Ghaziabad,7500.0,75.0,136.0,1.8,NONE,OPERATIONAL,NONE,OPERATIONAL,11.89,11.87,13.95,37.3,0.0,1,1,1,4,85.04
GZB_RZNEXT,2024-Q2,Ghaziabad,7625.0,75.0,137.8,1.8,NONE,OPERATIONAL,NONE,OPERATIONAL,11.89,11.87,13.95,37.3,0.0,1,1,1,4,85.04
GZB_RZNEXT,2024-Q3,Ghaziabad,7750.0,75.0,139.6,1.8,NONE,OPERATIONAL,NONE,OPERATIONAL,11.89,11.87,13.95,37.3,0.0,1,1,1,4,85.04
GZB_RZNEXT,2024-Q4,Ghaziabad,7875.0,75.0,141.4,1.8,NONE,OPERATIONAL,NONE,OPERATIONAL,11.89,11.87,13.95,37.3,0.0,1,1,1,4,85.04
GZB_RZNEXT,2025-Q1,Ghaziabad,8000.0,75.0,143.2,1.8,NONE,OPERATIONAL,NONE,OPERATIONAL,11.89,11.87,13.95,37.3,0.0,1,1,1,4,85.04
GZB_RZNEXT,2025-Q2,Ghaziabad,8125.0,75.0,145.0,1.8,NONE,OPERATIONAL,NONE,OPERATIONAL,11.89,11.87,13.95,37.3,0.0,1,1,1,4,85.04
GZB_RZNEXT,2025-Q3,Ghaziabad,8250.0,75.0,146.8,1.8,NONE,OPERATIONAL,NONE,OPERATIONAL,11.89,11.87,13.95,37.3,0.0,1,1,1,4,85.04
GZB_RZNEXT,2025-Q4,Ghaziabad,8375.0,75.0,148.6,1.8,NONE,OPERATIONAL,NONE,OPERATIONAL,11.89,11.87,13.95,37.3,0.0,1,1,1,4,85.04
GUR_DLF3,2019-Q1,Gurugram,9000.0,85.0,100.0,1.8,APPROVED,UNDER_CONSTRUCTION,NONE,NONE,0.0,36.39,2.16,7.29,999.9,2,2,2,4,90.75
GUR_DLF3,2019-Q2,Gurugram,9225.0,85.0,101.8,1.8,APPROVED,UNDER_CONSTRUCTION,NONE,NONE,0.0,36.39,2.16,7.29,999.9,2,2,2,4,90.75
GUR_DLF3,2019-Q3,Gurugram,9450.0,85.0,103.6,1.8,CONTRACTED,UNDER_CONSTRUCTION,NONE,NONE,0.0,36.39,2.16,7.29,999.9,2,2,2,4,90.75
GUR_DLF3,2019-Q4,Gurugram,9675.0,85.0,105.4,1.8,CONTRACTED,UNDER_CONSTRUCTION,NONE,NONE,0.0,36.39,2.16,7.29,999.9,2,2,2,4,90.75
GUR_DLF3,2020-Q1,Gurugram,9900.0,85.0,107.2,1.8,UNDER_CONSTRUCTION,UNDER_CONSTRUCTION,NONE,NONE,0.0,36.39,2.16,7.29,999.9,2,2,2,4,90.75
GUR_DLF3,2020-Q2,Gurugram,10125.0,85.0,109.0,1.8,UNDER_CONSTRUCTION,UNDER_CONSTRUCTION,NONE,NONE,0.0,36.39,2.16,7.29,999.9,2,2,2,4,90.75
GUR_DLF3,2020-Q3,Gurugram,10350.0,85.0,110.8,1.8,UNDER_CONSTRUCTION,UNDER_CONSTRUCTION,NONE,NONE,0.0,36.39,2.16,7.29,999.9,2,2,2,4,90.75
GUR_DLF3,2020-Q4,Gurugram,10575.0,85.0,112.6,1.8,UNDER_CONSTRUCTION,UNDER_CONSTRUCTION,NONE,NONE,0.0,36.39,2.16,7.29,999.9,2,2,2,4,90.75
GUR_DLF3,2021-Q1,Gurugram,10800.0,85.0,114.4,1.8,UNDER_CONSTRUCTION,UNDER_CONSTRUCTION,NONE,NONE,0.0,36.39,2.16,7.29,999.9,2,2,2,4,90.75
GUR_DLF3,2021-Q2,Gurugram,11025.0,85.0,116.2,1.8,UNDER_CONSTRUCTION,UNDER_CONSTRUCTION,NONE,NONE,0.0,36.39,2.16,7.29,999.9,2,2,2,4,90.75
GUR_DLF3,2021-Q3,Gurugram,11250.0,85.0,118.0,1.8,UNDER_CONSTRUCTION,UNDER_CONSTRUCTION,NONE,NONE,0.0,36.39,2.16,7.29,999.9,2,2,2,4,90.75
GUR_DLF3,2021-Q4,Gurugram,11475.0,85.0,119.8,1.8,UNDER_CONSTRUCTION,OPERATIONAL,NONE,NONE,0.0,36.39,2.16,7.29,999.9,2,2,2,4,90.75
GUR_DLF3,2022-Q1,Gurugram,11700.0,85.0,121.6,1.8,UNDER_CONSTRUCTION,OPERATIONAL,NONE,NONE,0.0,36.39,2.16,7.29,999.9,2,2,2,4,90.75
GUR_DLF3,2022-Q2,Gurugram,11925.0,85.0,123.4,1.8,UNDER_CONSTRUCTION,OPERATIONAL,NONE,NONE,0.0,36.39,2.16,7.29,999.9,2,2,2,4,90.75
GUR_DLF3,2022-Q3,Gurugram,12150.0,85.0,125.2,1.8,UNDER_CONSTRUCTION,OPERATIONAL,NONE,NONE,0.0,36.39,2.16,7.29,999.9,2,2,2,4,90.75
GUR_DLF3,2022-Q4,Gurugram,12375.0,85.0,127.0,1.8,UNDER_CONSTRUCTION,OPERATIONAL,NONE,NONE,0.0,36.39,2.16,7.29,999.9,2,2,2,4,90.75
GUR_DLF3,2023-Q1,Gurugram,12600.0,85.0,128.8,1.8,UNDER_CONSTRUCTION,OPERATIONAL,NONE,NONE,0.0,36.39,2.16,7.29,999.9,2,2,2,4,90.75
GUR_DLF3,2023-Q2,Gurugram,12825.0,85.0,130.6,1.8,UNDER_CONSTRUCTION,OPERATIONAL,NONE,NONE,0.0,36.39,2.16,7.29,999.9,2,2,2,4,90.75
GUR_DLF3,2023-Q3,Gurugram,13050.0,85.0,132.4,1.8,UNDER_CONSTRUCTION,OPERATIONAL,NONE,NONE,0.0,36.39,2.16,7.29,999.9,2,2,2,4,90.75
GUR_DLF3,2023-Q4,Gurugram,13275.0,85.0,134.2,1.8,OPERATIONAL,OPERATIONAL,NONE,NONE,0.0,999.9,2.16,7.29,999.9,2,2,2,4,90.75
GUR_DLF3,2024-Q1,Gurugram,13500.0,85.0,136.0,1.8,OPERATIONAL,OPERATIONAL,NONE,NONE,0.0,999.9,2.16,7.29,999.9,2,2,2,4,90.75
GUR_DLF3,2024-Q2,Gurugram,13725.0,85.0,137.8,1.8,OPERATIONAL,OPERATIONAL,NONE,NONE,0.0,999.9,2.16,7.29,999.9,2,2,2,4,90.75
GUR_DLF3,2024-Q3,Gurugram,13950.0,85.0,139.6,1.8,OPERATIONAL,OPERATIONAL,NONE,NONE,0.0,999.9,2.16,7.29,999.9,2,2,2,4,90.75
GUR_DLF3,2024-Q4,Gurugram,14175.0,85.0,141.4,1.8,OPERATIONAL,OPERATIONAL,NONE,NONE,0.0,999.9,2.16,7.29,999.9,2,2,2,4,90.75
GUR_DLF3,2025-Q1,Gurugram,14400.0,85.0,143.2,1.8,OPERATIONAL,OPERATIONAL,NONE,NONE,0.0,999.9,2.16,7.29,999.9,2,2,2,4,90.75
GUR_DLF3,2025-Q2,Gurugram,14625.0,85.0,145.0,1.8,OPERATIONAL,OPERATIONAL,NONE,NONE,0.0,999.9,2.16,7.29,999.9,2,2,2,4,90.75
GUR_DLF3,2025-Q3,Gurugram,14850.0,85.0,146.8,1.8,OPERATIONAL,OPERATIONAL,NONE,NONE,0.0,999.9,2.16,7.29,999.9,2,2,2,4,90.75
GUR_DLF3,2025-Q4,Gurugram,15075.0,85.0,148.6,1.8,OPERATIONAL,OPERATIONAL,NONE,NONE,0.0,999.9,2.16,7.29,999.9,2,2,2,4,90.75
GUR_SEC82,2019-Q1,Gurugram,,,100.0,1.8,NONE,UNDER_CONSTRUCTION,NONE,NONE,16.26,52.0,14.12,21.69,999.9,0,0,0,4,81.54
GUR_SEC82,2019-Q2,Gurugram,,,101.8,1.8,NONE,UNDER_CONSTRUCTION,NONE,NONE,16.26,52.0,14.12,21.69,999.9,0,0,0,4,81.54
GUR_SEC82,2019-Q3,Gurugram,,,103.6,1.8,NONE,UNDER_CONSTRUCTION,NONE,NONE,16.26,52.0,14.12,21.69,999.9,0,0,0,4,81.54
GUR_SEC82,2019-Q4,Gurugram,,,105.4,1.8,NONE,UNDER_CONSTRUCTION,NONE,NONE,16.26,52.0,14.12,21.69,999.9,0,0,0,4,81.54
GUR_SEC82,2020-Q1,Gurugram,,,107.2,1.8,NONE,UNDER_CONSTRUCTION,NONE,NONE,16.26,52.0,14.12,21.69,999.9,0,0,0,4,81.54
GUR_SEC82,2020-Q2,Gurugram,,,109.0,1.8,NONE,UNDER_CONSTRUCTION,NONE,NONE,16.26,52.0,14.12,21.69,999.9,0,0,0,4,81.54
GUR_SEC82,2020-Q3,Gurugram,,,110.8,1.8,NONE,UNDER_CONSTRUCTION,NONE,NONE,16.26,52.0,14.12,21.69,999.9,0,0,0,4,81.54
GUR_SEC82,2020-Q4,Gurugram,,,112.6,1.8,NONE,UNDER_CONSTRUCTION,NONE,NONE,16.26,52.0,14.12,21.69,999.9,0,0,0,4,81.54
GUR_SEC82,2021-Q1,Gurugram,10800.0,75.0,114.4,1.8,NONE,UNDER_CONSTRUCTION,NONE,NONE,16.26,52.0,14.12,21.69,999.9,0,0,0,4,81.54
GUR_SEC82,2021-Q2,Gurugram,11025.0,75.0,116.2,1.8,NONE,UNDER_CONSTRUCTION,NONE,NONE,16.26,52.0,14.12,21.69,999.9,0,0,0,4,81.54
GUR_SEC82,2021-Q3,Gurugram,11250.0,75.0,118.0,1.8,NONE,UNDER_CONSTRUCTION,NONE,NONE,16.26,52.0,14.12,21.69,999.9,0,0,0,4,81.54
GUR_SEC82,2021-Q4,Gurugram,11475.0,75.0,119.8,1.8,NONE,OPERATIONAL,NONE,NONE,16.26,52.0,1.07,21.69,999.9,1,1,1,4,81.54
GUR_SEC82,2022-Q1,Gurugram,11700.0,75.0,121.6,1.8,NONE,OPERATIONAL,NONE,NONE,16.26,52.0,1.07,21.69,999.9,1,1,1,4,81.54
GUR_SEC82,2022-Q2,Gurugram,11925.0,75.0,123.4,1.8,NONE,OPERATIONAL,NONE,NONE,16.26,52.0,1.07,21.69,999.9,1,1,1,4,81.54
GUR_SEC82,2022-Q3,Gurugram,12150.0,75.0,125.2,1.8,NONE,OPERATIONAL,NONE,NONE,16.26,52.0,1.07,21.69,999.9,1,1,1,4,81.54
GUR_SEC82,2022-Q4,Gurugram,12375.0,75.0,127.0,1.8,NONE,OPERATIONAL,NONE,NONE,16.26,52.0,1.07,21.69,999.9,1,1,1,4,81.54
GUR_SEC82,2023-Q1,Gurugram,12600.0,75.0,128.8,1.8,NONE,OPERATIONAL,NONE,NONE,16.26,52.0,1.07,21.69,999.9,1,1,1,4,81.54
GUR_SEC82,2023-Q2,Gurugram,12825.0,75.0,130.6,1.8,NONE,OPERATIONAL,NONE,NONE,16.26,52.0,1.07,21.69,999.9,1,1,1,4,81.54
GUR_SEC82,2023-Q3,Gurugram,13050.0,75.0,132.4,1.8,NONE,OPERATIONAL,NONE,NONE,16.26,52.0,1.07,21.69,999.9,1,1,1,4,81.54
GUR_SEC82,2023-Q4,Gurugram,13275.0,75.0,134.2,1.8,NONE,OPERATIONAL,NONE,NONE,16.26,52.0,1.07,21.69,999.9,1,1,1,4,81.54
GUR_SEC82,2024-Q1,Gurugram,13500.0,75.0,136.0,1.8,NONE,OPERATIONAL,NONE,NONE,16.26,52.0,1.07,21.69,999.9,1,1,1,4,81.54
GUR_SEC82,2024-Q2,Gurugram,13725.0,75.0,137.8,1.8,NONE,OPERATIONAL,NONE,NONE,16.26,52.0,1.07,21.69,999.9,1,1,1,4,81.54
GUR_SEC82,2024-Q3,Gurugram,13950.0,75.0,139.6,1.8,NONE,OPERATIONAL,NONE,NONE,16.26,52.0,1.07,21.69,999.9,1,1,1,4,81.54
GUR_SEC82,2024-Q4,Gurugram,14175.0,75.0,141.4,1.8,NONE,OPERATIONAL,NONE,NONE,16.26,52.0,1.07,21.69,999.9,1,1,1,4,81.54
GUR_SEC82,2025-Q1,Gurugram,14400.0,75.0,143.2,1.8,NONE,OPERATIONAL,NONE,NONE,16.26,52.0,1.07,21.69,999.9,1,1,1,4,81.54
GUR_SEC82,2025-Q2,Gurugram,14625.0,75.0,145.0,1.8,NONE,OPERATIONAL,NONE,NONE,16.26,52.0,1.07,21.69,999.9,1,1,1,4,81.54
GUR_SEC82,2025-Q3,Gurugram,14850.0,75.0,146.8,1.8,NONE,OPERATIONAL,NONE,NONE,16.26,52.0,1.07,21.69,999.9,1,1,1,4,81.54
GUR_SEC82,2025-Q4,Gurugram,15075.0,75.0,148.6,1.8,NONE,OPERATIONAL,NONE,NONE,16.26,52.0,1.07,21.69,999.9,1,1,1,4,81.54
FAR_SEC37,2019-Q1,Faridabad,5000.0,75.0,100.0,1.8,APPROVED,OPERATIONAL,NONE,NONE,0.0,19.22,4.86,23.16,999.9,1,2,3,4,82.75
FAR_SEC37,2019-Q2,Faridabad,5125.0,75.0,101.8,1.8,APPROVED,OPERATIONAL,NONE,NONE,0.0,19.22,4.86,23.16,999.9,1,2,3,4,82.75
FAR_SEC37,2019-Q3,Faridabad,5250.0,75.0,103.6,1.8,CONTRACTED,OPERATIONAL,NONE,NONE,0.0,19.22,4.86,23.16,999.9,1,2,3,4,82.75
FAR_SEC37,2019-Q4,Faridabad,5375.0,75.0,105.4,1.8,CONTRACTED,OPERATIONAL,NONE,NONE,0.0,19.22,4.86,23.16,999.9,1,2,3,4,82.75
FAR_SEC37,2020-Q1,Faridabad,5500.0,75.0,107.2,1.8,UNDER_CONSTRUCTION,OPERATIONAL,NONE,NONE,0.0,19.22,4.86,23.16,999.9,1,2,3,4,82.75
FAR_SEC37,2020-Q2,Faridabad,5625.0,75.0,109.0,1.8,UNDER_CONSTRUCTION,OPERATIONAL,NONE,NONE,0.0,19.22,4.86,23.16,999.9,1,2,3,4,82.75
FAR_SEC37,2020-Q3,Faridabad,5750.0,75.0,110.8,1.8,UNDER_CONSTRUCTION,OPERATIONAL,NONE,NONE,0.0,19.22,4.86,23.16,999.9,1,2,3,4,82.75
FAR_SEC37,2020-Q4,Faridabad,5875.0,75.0,112.6,1.8,UNDER_CONSTRUCTION,OPERATIONAL,NONE,NONE,0.0,19.22,4.86,23.16,999.9,1,2,3,4,82.75
FAR_SEC37,2021-Q1,Faridabad,6000.0,75.0,114.4,1.8,UNDER_CONSTRUCTION,OPERATIONAL,NONE,NONE,0.0,19.22,4.86,23.16,999.9,1,2,3,4,82.75
FAR_SEC37,2021-Q2,Faridabad,6125.0,75.0,116.2,1.8,UNDER_CONSTRUCTION,OPERATIONAL,NONE,NONE,0.0,19.22,4.86,23.16,999.9,1,2,3,4,82.75
FAR_SEC37,2021-Q3,Faridabad,6250.0,75.0,118.0,1.8,UNDER_CONSTRUCTION,OPERATIONAL,NONE,NONE,0.0,19.22,4.86,23.16,999.9,1,2,3,4,82.75
FAR_SEC37,2021-Q4,Faridabad,6375.0,75.0,119.8,1.8,UNDER_CONSTRUCTION,OPERATIONAL,NONE,NONE,0.0,19.22,4.86,23.16,999.9,1,2,3,4,82.75
FAR_SEC37,2022-Q1,Faridabad,6500.0,75.0,121.6,1.8,UNDER_CONSTRUCTION,OPERATIONAL,NONE,NONE,0.0,19.22,4.86,23.16,999.9,1,2,3,4,82.75
FAR_SEC37,2022-Q2,Faridabad,6625.0,75.0,123.4,1.8,UNDER_CONSTRUCTION,OPERATIONAL,NONE,NONE,0.0,19.22,4.86,23.16,999.9,1,2,3,4,82.75
FAR_SEC37,2022-Q3,Faridabad,6750.0,75.0,125.2,1.8,UNDER_CONSTRUCTION,OPERATIONAL,NONE,NONE,0.0,19.22,4.86,23.16,999.9,1,2,3,4,82.75
FAR_SEC37,2022-Q4,Faridabad,6875.0,75.0,127.0,1.8,UNDER_CONSTRUCTION,OPERATIONAL,NONE,NONE,0.0,19.22,4.86,23.16,999.9,1,2,3,4,82.75
FAR_SEC37,2023-Q1,Faridabad,7000.0,75.0,128.8,1.8,UNDER_CONSTRUCTION,OPERATIONAL,NONE,NONE,0.0,19.22,4.86,23.16,999.9,1,2,3,4,82.75
FAR_SEC37,2023-Q2,Faridabad,7125.0,75.0,130.6,1.8,UNDER_CONSTRUCTION,OPERATIONAL,NONE,NONE,0.0,19.22,4.86,23.16,999.9,1,2,3,4,82.75
FAR_SEC37,2023-Q3,Faridabad,7250.0,75.0,132.4,1.8,UNDER_CONSTRUCTION,OPERATIONAL,NONE,NONE,0.0,19.22,4.86,23.16,999.9,1,2,3,4,82.75
FAR_SEC37,2023-Q4,Faridabad,7375.0,75.0,134.2,1.8,OPERATIONAL,OPERATIONAL,NONE,NONE,0.0,999.9,4.86,23.16,999.9,1,2,3,4,82.75
FAR_SEC37,2024-Q1,Faridabad,7500.0,75.0,136.0,1.8,OPERATIONAL,OPERATIONAL,NONE,NONE,0.0,999.9,4.86,23.16,999.9,1,2,3,4,82.75
FAR_SEC37,2024-Q2,Faridabad,7625.0,75.0,137.8,1.8,OPERATIONAL,OPERATIONAL,NONE,NONE,0.0,999.9,4.86,23.16,999.9,1,2,3,4,82.75
FAR_SEC37,2024-Q3,Faridabad,7750.0,75.0,139.6,1.8,OPERATIONAL,OPERATIONAL,NONE,NONE,0.0,999.9,4.86,23.16,999.9,1,2,3,4,82.75
FAR_SEC37,2024-Q4,Faridabad,7875.0,75.0,141.4,1.8,OPERATIONAL,OPERATIONAL,NONE,NONE,0.0,999.9,4.86,23.16,999.9,1,2,3,4,82.75
FAR_SEC37,2025-Q1,Faridabad,8000.0,75.0,143.2,1.8,OPERATIONAL,OPERATIONAL,NONE,NONE,0.0,999.9,4.86,23.16,999.9,1,2,3,4,82.75
FAR_SEC37,2025-Q2,Faridabad,8125.0,75.0,145.0,1.8,OPERATIONAL,OPERATIONAL,NONE,NONE,0.0,999.9,4.86,23.16,999.9,1,2,3,4,82.75
FAR_SEC37,2025-Q3,Faridabad,8250.0,75.0,146.8,1.8,OPERATIONAL,OPERATIONAL,NONE,NONE,0.0,999.9,4.86,23.16,999.9,1,2,3,4,82.75
FAR_SEC37,2025-Q4,Faridabad,8375.0,75.0,148.6,1.8,OPERATIONAL,OPERATIONAL,NONE,NONE,0.0,999.9,4.86,23.16,999.9,1,2,3,4,82.75
FAR_SEC82,2019-Q1,Faridabad,,,100.0,1.8,NONE,UNDER_CONSTRUCTION,NONE,NONE,10.67,25.37,5.93,31.93,999.9,0,0,1,4,64.75
FAR_SEC82,2019-Q2,Faridabad,,,101.8,1.8,NONE,UNDER_CONSTRUCTION,NONE,NONE,10.67,25.37,5.93,31.93,999.9,0,0,1,4,64.75
FAR_SEC82,2019-Q3,Faridabad,,,103.6,1.8,NONE,UNDER_CONSTRUCTION,NONE,NONE,10.67,25.37,5.93,31.93,999.9,0,0,1,4,64.75
FAR_SEC82,2019-Q4,Faridabad,,,105.4,1.8,NONE,UNDER_CONSTRUCTION,NONE,NONE,10.67,25.37,5.93,31.93,999.9,0,0,1,4,64.75
FAR_SEC82,2020-Q1,Faridabad,,,107.2,1.8,NONE,UNDER_CONSTRUCTION,NONE,NONE,10.67,25.37,5.93,31.93,999.9,0,0,1,4,64.75
FAR_SEC82,2020-Q2,Faridabad,,,109.0,1.8,NONE,UNDER_CONSTRUCTION,NONE,NONE,10.67,25.37,5.93,31.93,999.9,0,0,1,4,64.75
FAR_SEC82,2020-Q3,Faridabad,,,110.8,1.8,NONE,UNDER_CONSTRUCTION,NONE,NONE,10.67,25.37,5.93,31.93,999.9,0,0,1,4,64.75
FAR_SEC82,2020-Q4,Faridabad,,,112.6,1.8,NONE,UNDER_CONSTRUCTION,NONE,NONE,10.67,25.37,5.93,31.93,999.9,0,0,1,4,64.75
FAR_SEC82,2021-Q1,Faridabad,,,114.4,1.8,NONE,UNDER_CONSTRUCTION,NONE,NONE,10.67,25.37,5.93,31.93,999.9,0,0,1,4,64.75
FAR_SEC82,2021-Q2,Faridabad,,,116.2,1.8,NONE,UNDER_CONSTRUCTION,NONE,NONE,10.67,25.37,5.93,31.93,999.9,0,0,1,4,64.75
FAR_SEC82,2021-Q3,Faridabad,,,118.0,1.8,NONE,UNDER_CONSTRUCTION,NONE,NONE,10.67,25.37,5.93,31.93,999.9,0,0,1,4,64.75
FAR_SEC82,2021-Q4,Faridabad,,,119.8,1.8,NONE,OPERATIONAL,NONE,NONE,10.67,25.37,5.93,31.93,999.9,0,0,1,4,64.75
FAR_SEC82,2022-Q1,Faridabad,,,121.6,1.8,NONE,OPERATIONAL,NONE,NONE,10.67,25.37,5.93,31.93,999.9,0,0,1,4,64.75
FAR_SEC82,2022-Q2,Faridabad,,,123.4,1.8,NONE,OPERATIONAL,NONE,NONE,10.67,25.37,5.93,31.93,999.9,0,0,1,4,64.75
FAR_SEC82,2022-Q3,Faridabad,6750.0,70.0,125.2,1.8,NONE,OPERATIONAL,NONE,NONE,10.67,25.37,5.93,31.93,999.9,0,0,1,4,64.75
FAR_SEC82,2022-Q4,Faridabad,6875.0,70.0,127.0,1.8,NONE,OPERATIONAL,NONE,NONE,10.67,25.37,5.93,31.93,999.9,0,0,1,4,64.75
FAR_SEC82,2023-Q1,Faridabad,7000.0,70.0,128.8,1.8,NONE,OPERATIONAL,NONE,NONE,10.67,25.37,5.93,31.93,999.9,0,0,1,4,64.75
FAR_SEC82,2023-Q2,Faridabad,7125.0,70.0,130.6,1.8,NONE,OPERATIONAL,NONE,NONE,10.67,25.37,5.93,31.93,999.9,0,0,1,4,64.75
FAR_SEC82,2023-Q3,Faridabad,7250.0,70.0,132.4,1.8,NONE,OPERATIONAL,NONE,NONE,10.67,25.37,5.93,31.93,999.9,0,0,1,4,64.75
FAR_SEC82,2023-Q4,Faridabad,7375.0,70.0,134.2,1.8,NONE,OPERATIONAL,NONE,NONE,10.67,25.37,5.93,31.93,999.9,0,0,1,4,64.75
FAR_SEC82,2024-Q1,Faridabad,7500.0,70.0,136.0,1.8,NONE,OPERATIONAL,NONE,NONE,10.67,25.37,5.93,31.93,999.9,0,0,1,4,64.75
FAR_SEC82,2024-Q2,Faridabad,7625.0,70.0,137.8,1.8,NONE,OPERATIONAL,NONE,NONE,10.67,25.37,5.93,31.93,999.9,0,0,1,4,64.75
FAR_SEC82,2024-Q3,Faridabad,7750.0,70.0,139.6,1.8,NONE,OPERATIONAL,NONE,NONE,10.67,25.37,5.93,31.93,999.9,0,0,1,4,64.75
FAR_SEC82,2024-Q4,Faridabad,7875.0,70.0,141.4,1.8,NONE,OPERATIONAL,NONE,NONE,10.67,25.37,5.93,31.93,999.9,0,0,1,4,64.75
FAR_SEC82,2025-Q1,Faridabad,8000.0,70.0,143.2,1.8,NONE,OPERATIONAL,NONE,NONE,10.67,25.37,5.93,31.93,999.9,0,0,1,4,64.75
FAR_SEC82,2025-Q2,Faridabad,8125.0,70.0,145.0,1.8,NONE,OPERATIONAL,NONE,NONE,10.67,25.37,5.93,31.93,999.9,0,0,1,4,64.75
FAR_SEC82,2025-Q3,Faridabad,8250.0,70.0,146.8,1.8,NONE,OPERATIONAL,NONE,NONE,10.67,25.37,5.93,31.93,999.9,0,0,1,4,64.75
FAR_SEC82,2025-Q4,Faridabad,8375.0,70.0,148.6,1.8,NONE,OPERATIONAL,NONE,NONE,10.67,25.37,5.93,31.93,999.9,0,0,1,4,64.75
